REJECTION,PARTY,TYPE,PRECINCT
VOTED WRONG COUNTY,AI,PROVISIONAL,
VOTED WRONG COUNTY,NPP,PROVISIONAL,
VOTED WRONG COUNTY,NPP,PROVISIONAL,
VOTED WRONG COUNTY,DEM,PROVISIONAL,
VOTED WRONG COUNTY,DEM,PROVISIONAL,
VOTED WRONG COUNTY,NPP,PROVISIONAL,
VOTED WRONG COUNTY,DEM,PROVISIONAL,
VOTED WRONG COUNTY,DEM,PROVISIONAL,
VOTED WRONG COUNTY,REP,PROVISIONAL,
VOTED WRONG COUNTY,DEM,PROVISIONAL,
VOTED WRONG COUNTY,DEM,PROVISIONAL,
VOTED WRONG COUNTY,NPP,PROVISIONAL,
VOTED WRONG COUNTY,NPP,PROVISIONAL,
VOTED WRONG COUNTY,DEM,PROVISIONAL,
VOTED WRONG COUNTY,REP,PROVISIONAL,
VOTED WRONG COUNTY,DEM,PROVISIONAL,
VOTED WRONG COUNTY,DEM,PROVISIONAL,
VOTED WRONG COUNTY,NPP,PROVISIONAL,
VOTED WRONG COUNTY,NPP,PROVISIONAL,
VOTED WRONG COUNTY,NPP,PROVISIONAL,
VOTED WRONG COUNTY,NPP,PROVISIONAL,
VOTED WRONG COUNTY,NPP,PROVISIONAL,
VOTED WRONG COUNTY,DEM,PROVISIONAL,
VOTED WRONG COUNTY,REP,PROVISIONAL,
VOTED WRONG COUNTY,DEM,PROVISIONAL,
VOTED WRONG COUNTY,DEM,PROVISIONAL,
VOTED WRONG COUNTY,NPP,PROVISIONAL,
VOTED WRONG COUNTY,DEM,PROVISIONAL,
VOTED WRONG COUNTY,NPP,PROVISIONAL,
VOTED WRONG COUNTY,REP,PROVISIONAL,
VOTED WRONG COUNTY,NPP,PROVISIONAL,
VOTED WRONG COUNTY,DEM,PROVISIONAL,
VOTED WRONG COUNTY,DEM,PROVISIONAL,
VOTED WRONG COUNTY,NPP,PROVISIONAL,
VOTED WRONG COUNTY,REP,PROVISIONAL,
VOTED WRONG COUNTY,NPP,PROVISIONAL,
VOTED WRONG COUNTY,NPP,PROVISIONAL,
VOTED WRONG COUNTY,NPP,PROVISIONAL,
VOTER ALREADY VOTED,REP,PROVISIONAL,117001
VOTED WRONG COUNTY,AI,PROVISIONAL,121001
VOTER ALREADY VOTED,REP,PROVISIONAL,124003
VOTED WRONG COUNTY,NPP,PROVISIONAL,
VOTER ALREADY VOTED,REP,PROVISIONAL,129001
PROVISIONAL ENVELOPE INCOMPLETE,NPP,PROVISIONAL,129001
VOTED WRONG COUNTY,DEM,PROVISIONAL,128007
VOTER ALREADY VOTED,NPP,PROVISIONAL,117011
VOTER ALREADY VOTED,NPP,PROVISIONAL,117001
VOTER ALREADY VOTED,DEM,PROVISIONAL,124005
VOTED WRONG COUNTY,REP,PROVISIONAL,
VOTED WRONG COUNTY,DEM,PROVISIONAL,129001
NO VOTER SIGNATURE,REP,PROVISIONAL,117112
PROVISIONAL ENVELOPE INCOMPLETE,NPP,PROVISIONAL,
VOTER ALREADY VOTED,NPP,PROVISIONAL,107001
VOTER ALREADY VOTED,AI,PROVISIONAL,103002
VOTER ALREADY VOTED,REP,PROVISIONAL,110008
VOTED WRONG COUNTY,DEM,PROVISIONAL,
NO VOTER SIGNATURE,DEM,PROVISIONAL,117009
VOTER ALREADY VOTED,NPP,PROVISIONAL,124005
NO VOTER SIGNATURE,NPP,PROVISIONAL,106009
NO VOTER SIGNATURE,NPP,PROVISIONAL,117091
NO VOTER SIGNATURE,NPP,PROVISIONAL,106009
VOTED WRONG COUNTY,NPP,PROVISIONAL,128002
NO VOTER SIGNATURE,NPP,PROVISIONAL,117088
VOTER ALREADY VOTED,DEM,PROVISIONAL,121003
PROVISIONAL ENVELOPE INCOMPLETE,NPP,PROVISIONAL,132002
NO VOTER SIGNATURE,NPP,PROVISIONAL,103001
NO VOTER SIGNATURE,NPP,PROVISIONAL,106009
PROVISIONAL ENVELOPE INCOMPLETE,NPP,PROVISIONAL,102001
NO VOTER SIGNATURE,DEM,PROVISIONAL,128005
NO VOTER SIGNATURE,DEM,PROVISIONAL,117004
NO VOTER SIGNATURE,NPP,PROVISIONAL,103010
PROVISIONAL ENVELOPE INCOMPLETE,NPP,PROVISIONAL,117003
VOTED WRONG COUNTY,DEM,PROVISIONAL,128022
PROVISIONAL ENVELOPE INCOMPLETE,NPP,PROVISIONAL,126008
NO VOTER SIGNATURE,REP,PROVISIONAL,110008
NO VOTER SIGNATURE,NPP,PROVISIONAL,117004
NO VOTER SIGNATURE,REP,PROVISIONAL,128007
PROVISIONAL ENVELOPE INCOMPLETE,NPP,PROVISIONAL,117072
PROVISIONAL ENVELOPE INCOMPLETE,DEM,PROVISIONAL,117005
RECEIVED TOO LATE,DEM,VOTE BY MAIL,121003
RECEIVED TOO LATE,DEM,VOTE BY MAIL,128022
RECEIVED TOO LATE,DEM,VOTE BY MAIL,117011
RECEIVED TOO LATE,DEM,VOTE BY MAIL,117112
RECEIVED TOO LATE,REP,VOTE BY MAIL,117088
NO VOTER SIGNATURE,NPP,VOTE BY MAIL,103002
RECEIVED TOO LATE,DEM,VOTE BY MAIL,117091
RECEIVED TOO LATE,DEM,VOTE BY MAIL,117080
RECEIVED TOO LATE,DEM,VOTE BY MAIL,117038
RECEIVED TOO LATE,REP,VOTE BY MAIL,124001
RECEIVED TOO LATE,DEM,VOTE BY MAIL,119001
RECEIVED TOO LATE,REP,VOTE BY MAIL,119001
NON-MATCHING SIGNATURE,DEM,VOTE BY MAIL,117006
RECEIVED TOO LATE,DEM,VOTE BY MAIL,117003
NON-MATCHING SIGNATURE,DEM,VOTE BY MAIL,117072
RECEIVED TOO LATE,REP,VOTE BY MAIL,114001
RECEIVED TOO LATE,NPP,VOTE BY MAIL,117011
RECEIVED TOO LATE,REP,VOTE BY MAIL,126001
RECEIVED TOO LATE,REP,VOTE BY MAIL,124003
NON-MATCHING SIGNATURE,AI,VOTE BY MAIL,121003
RECEIVED TOO LATE,REP,VOTE BY MAIL,107005
NON-MATCHING SIGNATURE,DEM,VOTE BY MAIL,117104
RECEIVED TOO LATE,AI,VOTE BY MAIL,128002
RECEIVED TOO LATE,NPP,VOTE BY MAIL,128002
RECEIVED TOO LATE,DEM,VOTE BY MAIL,117003
RECEIVED TOO LATE,DEM,VOTE BY MAIL,105002
RECEIVED TOO LATE,REP,VOTE BY MAIL,124003
RECEIVED TOO LATE,REP,VOTE BY MAIL,115001
RECEIVED TOO LATE,REP,VOTE BY MAIL,105002
RECEIVED TOO LATE,REP,VOTE BY MAIL,115001
NON-MATCHING SIGNATURE,REP,VOTE BY MAIL,129001
RECEIVED TOO LATE,DEM,VOTE BY MAIL,128001
RECEIVED TOO LATE,NPP,VOTE BY MAIL,117038
RECEIVED TOO LATE,REP,VOTE BY MAIL,128008
RECEIVED TOO LATE,REP,VOTE BY MAIL,128022
NON-MATCHING SIGNATURE,REP,VOTE BY MAIL,128005
NON-MATCHING SIGNATURE,REP,VOTE BY MAIL,102002
RECEIVED TOO LATE,REP,VOTE BY MAIL,128005
RECEIVED TOO LATE,DEM,VOTE BY MAIL,117010
RECEIVED TOO LATE,DEM,VOTE BY MAIL,117062
RECEIVED TOO LATE,DEM,VOTE BY MAIL,117010
RECEIVED TOO LATE,DEM,VOTE BY MAIL,121001
RECEIVED TOO LATE,DEM,VOTE BY MAIL,117064
RECEIVED TOO LATE,REP,VOTE BY MAIL,113002
RECEIVED TOO LATE,REP,VOTE BY MAIL,103009
RECEIVED TOO LATE,REP,VOTE BY MAIL,117059
NON-MATCHING SIGNATURE,DEM,VOTE BY MAIL,109004
RECEIVED TOO LATE,NPP,VOTE BY MAIL,128001
RECEIVED TOO LATE,REP,VOTE BY MAIL,117014
RECEIVED TOO LATE,REP,VOTE BY MAIL,117014
NON-MATCHING SIGNATURE,REP,VOTE BY MAIL,117064
RECEIVED TOO LATE,REP,VOTE BY MAIL,128013
RECEIVED TOO LATE,DEM,VOTE BY MAIL,103005
RECEIVED TOO LATE,REP,VOTE BY MAIL,117010
NON-MATCHING SIGNATURE,REP,VOTE BY MAIL,117080
NON-MATCHING SIGNATURE,NPP,VOTE BY MAIL,107010
RECEIVED TOO LATE,DEM,VOTE BY MAIL,114001
RECEIVED TOO LATE,NPP,VOTE BY MAIL,117021
RECEIVED TOO LATE,REP,VOTE BY MAIL,128002
RECEIVED TOO LATE,NPP,VOTE BY MAIL,117010
NON-MATCHING SIGNATURE,REP,VOTE BY MAIL,117088
RECEIVED TOO LATE,REP,VOTE BY MAIL,117112
RECEIVED TOO LATE,DEM,VOTE BY MAIL,121003
RECEIVED TOO LATE,DEM,VOTE BY MAIL,126001
RECEIVED TOO LATE,AI,VOTE BY MAIL,105006
RECEIVED TOO LATE,REP,VOTE BY MAIL,117009
RECEIVED TOO LATE,DEM,VOTE BY MAIL,117038
RECEIVED TOO LATE,DEM,VOTE BY MAIL,103004
RECEIVED TOO LATE,REP,VOTE BY MAIL,117047
RECEIVED TOO LATE,REP,VOTE BY MAIL,114001
RECEIVED TOO LATE,REP,VOTE BY MAIL,117038
RECEIVED TOO LATE,DEM,VOTE BY MAIL,117038
RECEIVED TOO LATE,REP,VOTE BY MAIL,128005
NON-MATCHING SIGNATURE,DEM,VOTE BY MAIL,128013
RECEIVED TOO LATE,REP,VOTE BY MAIL,107010
RECEIVED TOO LATE,REP,VOTE BY MAIL,103002
RECEIVED TOO LATE,REP,VOTE BY MAIL,103002
RECEIVED TOO LATE,REP,VOTE BY MAIL,105006
RECEIVED TOO LATE,DEM,VOTE BY MAIL,106009
RECEIVED TOO LATE,NPP,VOTE BY MAIL,117059
RECEIVED TOO LATE,REP,VOTE BY MAIL,109004
RECEIVED TOO LATE,REP,VOTE BY MAIL,117064
RECEIVED TOO LATE,REP,VOTE BY MAIL,121003
NON-MATCHING SIGNATURE,REP,VOTE BY MAIL,117064
RECEIVED TOO LATE,DEM,VOTE BY MAIL,117080
RECEIVED TOO LATE,NPP,VOTE BY MAIL,102012
NON-MATCHING SIGNATURE,REP,VOTE BY MAIL,110001
RECEIVED TOO LATE,NPP,VOTE BY MAIL,128028
RECEIVED TOO LATE,REP,VOTE BY MAIL,117080
RECEIVED TOO LATE,DEM,VOTE BY MAIL,128005
RECEIVED TOO LATE,REP,VOTE BY MAIL,124003
RECEIVED TOO LATE,NPP,VOTE BY MAIL,117002
NON-MATCHING SIGNATURE,REP,VOTE BY MAIL,128028
RECEIVED TOO LATE,REP,VOTE BY MAIL,121003
RECEIVED TOO LATE,DEM,VOTE BY MAIL,114001
RECEIVED TOO LATE,REP,VOTE BY MAIL,128015
RECEIVED TOO LATE,DEM,VOTE BY MAIL,112005
NON-MATCHING SIGNATURE,REP,VOTE BY MAIL,132002
RECEIVED TOO LATE,AI,VOTE BY MAIL,117010
RECEIVED TOO LATE,DEM,VOTE BY MAIL,102007
RECEIVED TOO LATE,DEM,VOTE BY MAIL,109004
NON-MATCHING SIGNATURE,REP,VOTE BY MAIL,117038
RECEIVED TOO LATE,DEM,VOTE BY MAIL,117059
NON-MATCHING SIGNATURE,AI,VOTE BY MAIL,128005
RECEIVED TOO LATE,DEM,VOTE BY MAIL,117029
RECEIVED TOO LATE,DEM,VOTE BY MAIL,102001
RECEIVED TOO LATE,REP,VOTE BY MAIL,117090
RECEIVED TOO LATE,DEM,VOTE BY MAIL,103005
RECEIVED TOO LATE,NPP,VOTE BY MAIL,121001
RECEIVED TOO LATE,AI,VOTE BY MAIL,119001
RECEIVED TOO LATE,REP,VOTE BY MAIL,132002
RECEIVED TOO LATE,NPP,VOTE BY MAIL,117021
RECEIVED TOO LATE,DEM,VOTE BY MAIL,117010
NON-MATCHING SIGNATURE,DEM,VOTE BY MAIL,117064
NON-MATCHING SIGNATURE,REP,VOTE BY MAIL,126002
RECEIVED TOO LATE,DEM,VOTE BY MAIL,128008
RECEIVED TOO LATE,REP,VOTE BY MAIL,128008
RECEIVED TOO LATE,REP,VOTE BY MAIL,121001
RECEIVED TOO LATE,REP,VOTE BY MAIL,121001
RECEIVED TOO LATE,REP,VOTE BY MAIL,117014
NON-MATCHING SIGNATURE,NPP,VOTE BY MAIL,117090
RECEIVED TOO LATE,REP,VOTE BY MAIL,117011
NON-MATCHING SIGNATURE,REP,VOTE BY MAIL,117058
RECEIVED TOO LATE,REP,VOTE BY MAIL,128001
RECEIVED TOO LATE,DEM,VOTE BY MAIL,117064
RECEIVED TOO LATE,REP,VOTE BY MAIL,117112
RECEIVED TOO LATE,REP,VOTE BY MAIL,117104
RECEIVED TOO LATE,DEM,VOTE BY MAIL,128002
RECEIVED TOO LATE,DEM,VOTE BY MAIL,117062
NON-MATCHING SIGNATURE,REP,VOTE BY MAIL,117091
RECEIVED TOO LATE,REP,VOTE BY MAIL,126002
RECEIVED TOO LATE,AI,VOTE BY MAIL,117021
RECEIVED TOO LATE,REP,VOTE BY MAIL,117072
RECEIVED TOO LATE,DEM,VOTE BY MAIL,128022
RECEIVED TOO LATE,DEM,VOTE BY MAIL,119001
NON-MATCHING SIGNATURE,NPP,VOTE BY MAIL,117047
RECEIVED TOO LATE,AI,VOTE BY MAIL,121009
NON-MATCHING SIGNATURE,DEM,VOTE BY MAIL,128001
RECEIVED TOO LATE,NPP,VOTE BY MAIL,128013
RECEIVED TOO LATE,REP,VOTE BY MAIL,128005
RECEIVED TOO LATE,REP,VOTE BY MAIL,115001
RECEIVED TOO LATE,DEM,VOTE BY MAIL,117029
RECEIVED TOO LATE,REP,VOTE BY MAIL,128007
RECEIVED TOO LATE,DEM,VOTE BY MAIL,121001
NON-MATCHING SIGNATURE,DEM,VOTE BY MAIL,117005
RECEIVED TOO LATE,DEM,VOTE BY MAIL,128002
RECEIVED TOO LATE,DEM,VOTE BY MAIL,124003
RECEIVED TOO LATE,DEM,VOTE BY MAIL,103004
RECEIVED TOO LATE,REP,VOTE BY MAIL,105006
RECEIVED TOO LATE,NPP,VOTE BY MAIL,117014
RECEIVED TOO LATE,DEM,VOTE BY MAIL,128008
RECEIVED TOO LATE,AI,VOTE BY MAIL,128015
RECEIVED TOO LATE,REP,VOTE BY MAIL,112005
RECEIVED TOO LATE,DEM,VOTE BY MAIL,102001
RECEIVED TOO LATE,REP,VOTE BY MAIL,117014
RECEIVED TOO LATE,REP,VOTE BY MAIL,108001
RECEIVED TOO LATE,REP,VOTE BY MAIL,128028
RECEIVED TOO LATE,REP,VOTE BY MAIL,128005
NON-MATCHING SIGNATURE,REP,VOTE BY MAIL,117059
RECEIVED TOO LATE,REP,VOTE BY MAIL,110001
RECEIVED TOO LATE,REP,VOTE BY MAIL,128013
NON-MATCHING SIGNATURE,REP,VOTE BY MAIL,128028
RECEIVED TOO LATE,DEM,VOTE BY MAIL,103010
NON-MATCHING SIGNATURE,REP,VOTE BY MAIL,117029
RECEIVED TOO LATE,NPP,VOTE BY MAIL,117091
NON-MATCHING SIGNATURE,REP,VOTE BY MAIL,117088
RECEIVED TOO LATE,REP,VOTE BY MAIL,117002
RECEIVED TOO LATE,REP,VOTE BY MAIL,101003
RECEIVED TOO LATE,REP,VOTE BY MAIL,117074
RECEIVED TOO LATE,REP,VOTE BY MAIL,117064
RECEIVED TOO LATE,REP,VOTE BY MAIL,121003
RECEIVED TOO LATE,NPP,VOTE BY MAIL,117080
NON-MATCHING SIGNATURE,DEM,VOTE BY MAIL,117009
RECEIVED TOO LATE,REP,VOTE BY MAIL,128022
RECEIVED TOO LATE,DEM,VOTE BY MAIL,117064
NON-MATCHING SIGNATURE,REP,VOTE BY MAIL,117010
RECEIVED TOO LATE,REP,VOTE BY MAIL,128008
RECEIVED TOO LATE,REP,VOTE BY MAIL,128028
RECEIVED TOO LATE,DEM,VOTE BY MAIL,103004
RECEIVED TOO LATE,DEM,VOTE BY MAIL,128013
RECEIVED TOO LATE,AI,VOTE BY MAIL,112005
RECEIVED TOO LATE,DEM,VOTE BY MAIL,121009
RECEIVED TOO LATE,REP,VOTE BY MAIL,128008
NO VOTER SIGNATURE,REP,VOTE BY MAIL,128005
RECEIVED TOO LATE,NPP,VOTE BY MAIL,128005
RECEIVED TOO LATE,REP,VOTE BY MAIL,117021
RECEIVED TOO LATE,DEM,VOTE BY MAIL,124003
RECEIVED TOO LATE,DEM,VOTE BY MAIL,103008
RECEIVED TOO LATE,REP,VOTE BY MAIL,128013
RECEIVED TOO LATE,NPP,VOTE BY MAIL,128013
RECEIVED TOO LATE,NPP,VOTE BY MAIL,117002
RECEIVED TOO LATE,NPP,VOTE BY MAIL,121009
RECEIVED TOO LATE,DEM,VOTE BY MAIL,124003
NON-MATCHING SIGNATURE,REP,VOTE BY MAIL,128008
RECEIVED TOO LATE,REP,VOTE BY MAIL,128008
NON-MATCHING SIGNATURE,DEM,VOTE BY MAIL,121003
RECEIVED TOO LATE,REP,VOTE BY MAIL,117038
RECEIVED TOO LATE,REP,VOTE BY MAIL,128008
RECEIVED TOO LATE,DEM,VOTE BY MAIL,108002
RECEIVED TOO LATE,REP,VOTE BY MAIL,128022
RECEIVED TOO LATE,REP,VOTE BY MAIL,128013
RECEIVED TOO LATE,DEM,VOTE BY MAIL,103005
RECEIVED TOO LATE,LIB,VOTE BY MAIL,121003
RECEIVED TOO LATE,DEM,VOTE BY MAIL,103001
NON-MATCHING SIGNATURE,DEM,VOTE BY MAIL,128001
RECEIVED TOO LATE,NPP,VOTE BY MAIL,103010
NON-MATCHING SIGNATURE,DEM,VOTE BY MAIL,103002
RECEIVED TOO LATE,AI,VOTE BY MAIL,117007
RECEIVED TOO LATE,DEM,VOTE BY MAIL,128013
RECEIVED TOO LATE,REP,VOTE BY MAIL,112005
RECEIVED TOO LATE,REP,VOTE BY MAIL,109004
RECEIVED TOO LATE,DEM,VOTE BY MAIL,112005
RECEIVED TOO LATE,AI,VOTE BY MAIL,106009
RECEIVED TOO LATE,DEM,VOTE BY MAIL,117074
RECEIVED TOO LATE,REP,VOTE BY MAIL,126001
RECEIVED TOO LATE,DEM,VOTE BY MAIL,110008
RECEIVED TOO LATE,DEM,VOTE BY MAIL,117088
RECEIVED TOO LATE,REP,VOTE BY MAIL,105002
RECEIVED TOO LATE,REP,VOTE BY MAIL,108001
RECEIVED TOO LATE,REP,VOTE BY MAIL,117059
RECEIVED TOO LATE,REP,VOTE BY MAIL,103009
RECEIVED TOO LATE,DEM,VOTE BY MAIL,121003
RECEIVED TOO LATE,REP,VOTE BY MAIL,117062
RECEIVED TOO LATE,REP,VOTE BY MAIL,117047
RECEIVED TOO LATE,REP,VOTE BY MAIL,102001
RECEIVED TOO LATE,GRN,VOTE BY MAIL,110008
NON-MATCHING SIGNATURE,REP,VOTE BY MAIL,107010
NON-MATCHING SIGNATURE,AI,VOTE BY MAIL,117062
RECEIVED TOO LATE,DEM,VOTE BY MAIL,112005
RECEIVED TOO LATE,DEM,VOTE BY MAIL,103005
RECEIVED TOO LATE,REP,VOTE BY MAIL,121003
RECEIVED TOO LATE,DEM,VOTE BY MAIL,117010
NON-MATCHING SIGNATURE,DEM,VOTE BY MAIL,117003
RECEIVED TOO LATE,REP,VOTE BY MAIL,128002
RECEIVED TOO LATE,REP,VOTE BY MAIL,121001
RECEIVED TOO LATE,REP,VOTE BY MAIL,117011
RECEIVED TOO LATE,DEM,VOTE BY MAIL,119001
RECEIVED TOO LATE,REP,VOTE BY MAIL,117074
NON-MATCHING SIGNATURE,REP,VOTE BY MAIL,117058
NON-MATCHING SIGNATURE,REP,VOTE BY MAIL,126002
RECEIVED TOO LATE,DEM,VOTE BY MAIL,124001
RECEIVED TOO LATE,NPP,VOTE BY MAIL,114001
RECEIVED TOO LATE,GRN,VOTE BY MAIL,102002
RECEIVED TOO LATE,DEM,VOTE BY MAIL,126002
NON-MATCHING SIGNATURE,REP,VOTE BY MAIL,110008
RECEIVED TOO LATE,DEM,VOTE BY MAIL,103010
RECEIVED TOO LATE,REP,VOTE BY MAIL,115001
RECEIVED TOO LATE,REP,VOTE BY MAIL,117064
NON-MATCHING SIGNATURE,NPP,VOTE BY MAIL,101003
NON-MATCHING SIGNATURE,REP,VOTE BY MAIL,121001
RECEIVED TOO LATE,REP,VOTE BY MAIL,117010
RECEIVED TOO LATE,NPP,VOTE BY MAIL,117011
RECEIVED TOO LATE,REP,VOTE BY MAIL,128028
RECEIVED TOO LATE,REP,VOTE BY MAIL,102002
RECEIVED TOO LATE,REP,VOTE BY MAIL,128005
RECEIVED TOO LATE,REP,VOTE BY MAIL,117021
NON-MATCHING SIGNATURE,REP,VOTE BY MAIL,117002
RECEIVED TOO LATE,REP,VOTE BY MAIL,117038
RECEIVED TOO LATE,REP,VOTE BY MAIL,103009
RECEIVED TOO LATE,REP,VOTE BY MAIL,119001
RECEIVED TOO LATE,DEM,VOTE BY MAIL,121003
RECEIVED TOO LATE,REP,VOTE BY MAIL,103002
RECEIVED TOO LATE,REP,VOTE BY MAIL,128028
RECEIVED TOO LATE,REP,VOTE BY MAIL,117090
NON-MATCHING SIGNATURE,REP,VOTE BY MAIL,128005
RECEIVED TOO LATE,REP,VOTE BY MAIL,128005
NON-MATCHING SIGNATURE,REP,VOTE BY MAIL,110008
RECEIVED TOO LATE,REP,VOTE BY MAIL,117059
RECEIVED TOO LATE,DEM,VOTE BY MAIL,128005
RECEIVED TOO LATE,REP,VOTE BY MAIL,124001
RECEIVED TOO LATE,NPP,VOTE BY MAIL,117002
RECEIVED TOO LATE,NPP,VOTE BY MAIL,117021
RECEIVED TOO LATE,REP,VOTE BY MAIL,110008
RECEIVED TOO LATE,REP,VOTE BY MAIL,106001
RECEIVED TOO LATE,REP,VOTE BY MAIL,110008
RECEIVED TOO LATE,NPP,VOTE BY MAIL,128005
RECEIVED TOO LATE,NPP,VOTE BY MAIL,103002
RECEIVED TOO LATE,REP,VOTE BY MAIL,117112
RECEIVED TOO LATE,NPP,VOTE BY MAIL,128015
RECEIVED TOO LATE,NPP,VOTE BY MAIL,103008
RECEIVED TOO LATE,REP,VOTE BY MAIL,117002
RECEIVED TOO LATE,DEM,VOTE BY MAIL,126008
RECEIVED TOO LATE,DEM,VOTE BY MAIL,128028
RECEIVED TOO LATE,DEM,VOTE BY MAIL,104001
NON-MATCHING SIGNATURE,AI,VOTE BY MAIL,117014
RECEIVED TOO LATE,DEM,VOTE BY MAIL,117010
NON-MATCHING SIGNATURE,REP,VOTE BY MAIL,117074
RECEIVED TOO LATE,LIB,VOTE BY MAIL,129001
RECEIVED TOO LATE,DEM,VOTE BY MAIL,117014
RECEIVED TOO LATE,REP,VOTE BY MAIL,128002
RECEIVED TOO LATE,DEM,VOTE BY MAIL,104001
RECEIVED TOO LATE,NPP,VOTE BY MAIL,117091
NON-MATCHING SIGNATURE,REP,VOTE BY MAIL,117064
RECEIVED TOO LATE,NPP,VOTE BY MAIL,117064
RECEIVED TOO LATE,NPP,VOTE BY MAIL,128008
NON-MATCHING SIGNATURE,REP,VOTE BY MAIL,126001
NON-MATCHING SIGNATURE,DEM,VOTE BY MAIL,105003
RECEIVED TOO LATE,DEM,VOTE BY MAIL,117064
RECEIVED TOO LATE,DEM,VOTE BY MAIL,108004
RECEIVED TOO LATE,DEM,VOTE BY MAIL,117059
RECEIVED TOO LATE,REP,VOTE BY MAIL,117002
NON-MATCHING SIGNATURE,DEM,VOTE BY MAIL,117007
RECEIVED TOO LATE,REP,VOTE BY MAIL,121009
RECEIVED TOO LATE,REP,VOTE BY MAIL,128008
RECEIVED TOO LATE,DEM,VOTE BY MAIL,117011
NON-MATCHING SIGNATURE,REP,VOTE BY MAIL,108001
RECEIVED TOO LATE,REP,VOTE BY MAIL,128013
RECEIVED TOO LATE,REP,VOTE BY MAIL,128013
NON-MATCHING SIGNATURE,DEM,VOTE BY MAIL,106009
RECEIVED TOO LATE,REP,VOTE BY MAIL,108004
RECEIVED TOO LATE,REP,VOTE BY MAIL,108001
RECEIVED TOO LATE,NPP,VOTE BY MAIL,103005
NON-MATCHING SIGNATURE,DEM,VOTE BY MAIL,117007
RECEIVED TOO LATE,REP,VOTE BY MAIL,128008
NON-MATCHING SIGNATURE,REP,VOTE BY MAIL,128008
RECEIVED TOO LATE,REP,VOTE BY MAIL,128015
NON-MATCHING SIGNATURE,REP,VOTE BY MAIL,109004
RECEIVED TOO LATE,DEM,VOTE BY MAIL,112005
NON-MATCHING SIGNATURE,REP,VOTE BY MAIL,117090
RECEIVED TOO LATE,REP,VOTE BY MAIL,117090
RECEIVED TOO LATE,DEM,VOTE BY MAIL,117059
RECEIVED TOO LATE,DEM,VOTE BY MAIL,117088
RECEIVED TOO LATE,DEM,VOTE BY MAIL,105002
RECEIVED TOO LATE,REP,VOTE BY MAIL,117090
RECEIVED TOO LATE,DEM,VOTE BY MAIL,117104
RECEIVED TOO LATE,REP,VOTE BY MAIL,128015
NON-MATCHING SIGNATURE,AI,VOTE BY MAIL,128001
RECEIVED TOO LATE,REP,VOTE BY MAIL,117074
RECEIVED TOO LATE,DEM,VOTE BY MAIL,128028
NON-MATCHING SIGNATURE,REP,VOTE BY MAIL,117059
RECEIVED TOO LATE,DEM,VOTE BY MAIL,128015
RECEIVED TOO LATE,REP,VOTE BY MAIL,103002
RECEIVED TOO LATE,DEM,VOTE BY MAIL,117010
RECEIVED TOO LATE,NPP,VOTE BY MAIL,102001
RECEIVED TOO LATE,DEM,VOTE BY MAIL,105002
NON-MATCHING SIGNATURE,REP,VOTE BY MAIL,106009
RECEIVED TOO LATE,AI,VOTE BY MAIL,103010
RECEIVED TOO LATE,REP,VOTE BY MAIL,114001
RECEIVED TOO LATE,DEM,VOTE BY MAIL,117001
RECEIVED TOO LATE,REP,VOTE BY MAIL,117064
RECEIVED TOO LATE,REP,VOTE BY MAIL,108001
RECEIVED TOO LATE,DEM,VOTE BY MAIL,117014
NON-MATCHING SIGNATURE,REP,VOTE BY MAIL,119001
RECEIVED TOO LATE,NPP,VOTE BY MAIL,121001
RECEIVED TOO LATE,DEM,VOTE BY MAIL,128007
RECEIVED TOO LATE,DEM,VOTE BY MAIL,128005
RECEIVED TOO LATE,REP,VOTE BY MAIL,117088
NON-MATCHING SIGNATURE,REP,VOTE BY MAIL,117059
RECEIVED TOO LATE,NPP,VOTE BY MAIL,117010
NON-MATCHING SIGNATURE,REP,VOTE BY MAIL,107010
RECEIVED TOO LATE,REP,VOTE BY MAIL,117021
RECEIVED TOO LATE,REP,VOTE BY MAIL,114001
RECEIVED TOO LATE,DEM,VOTE BY MAIL,117021
RECEIVED TOO LATE,DEM,VOTE BY MAIL,112005
RECEIVED TOO LATE,REP,VOTE BY MAIL,128015
RECEIVED TOO LATE,REP,VOTE BY MAIL,103009
RECEIVED TOO LATE,AI,VOTE BY MAIL,117007
RECEIVED TOO LATE,DEM,VOTE BY MAIL,117014
RECEIVED TOO LATE,DEM,VOTE BY MAIL,117112
RECEIVED TOO LATE,DEM,VOTE BY MAIL,110008
NON-MATCHING SIGNATURE,NPP,VOTE BY MAIL,115001
VOTER ALREADY VOTED,REP,VOTE BY MAIL,103008
RECEIVED TOO LATE,NPP,VOTE BY MAIL,117088
RECEIVED TOO LATE,REP,VOTE BY MAIL,117029
RECEIVED TOO LATE,REP,VOTE BY MAIL,128001
RECEIVED TOO LATE,DEM,VOTE BY MAIL,103008
RECEIVED TOO LATE,REP,VOTE BY MAIL,128008
RECEIVED TOO LATE,REP,VOTE BY MAIL,126002
RECEIVED TOO LATE,REP,VOTE BY MAIL,128013
RECEIVED TOO LATE,REP,VOTE BY MAIL,117080
RECEIVED TOO LATE,REP,VOTE BY MAIL,103010
RECEIVED TOO LATE,REP,VOTE BY MAIL,117029
RECEIVED TOO LATE,REP,VOTE BY MAIL,128002
RECEIVED TOO LATE,LIB,VOTE BY MAIL,117007
RECEIVED TOO LATE,REP,VOTE BY MAIL,111009
RECEIVED TOO LATE,REP,VOTE BY MAIL,129001
NON-MATCHING SIGNATURE,DEM,VOTE BY MAIL,103002
RECEIVED TOO LATE,REP,VOTE BY MAIL,128001
RECEIVED TOO LATE,REP,VOTE BY MAIL,126001
NON-MATCHING SIGNATURE,DEM,VOTE BY MAIL,102001
RECEIVED TOO LATE,REP,VOTE BY MAIL,117112
RECEIVED TOO LATE,REP,VOTE BY MAIL,105002
RECEIVED TOO LATE,DEM,VOTE BY MAIL,103008
RECEIVED TOO LATE,DEM,VOTE BY MAIL,103005
RECEIVED TOO LATE,LIB,VOTE BY MAIL,117011
RECEIVED TOO LATE,DEM,VOTE BY MAIL,117088
RECEIVED TOO LATE,AI,VOTE BY MAIL,117011
NON-MATCHING SIGNATURE,REP,VOTE BY MAIL,112005
RECEIVED TOO LATE,DEM,VOTE BY MAIL,102003
NON-MATCHING SIGNATURE,REP,VOTE BY MAIL,103010
RECEIVED TOO LATE,REP,VOTE BY MAIL,117004
NON-MATCHING SIGNATURE,NPP,VOTE BY MAIL,121001
NON-MATCHING SIGNATURE,DEM,VOTE BY MAIL,126002
RECEIVED TOO LATE,REP,VOTE BY MAIL,115001
RECEIVED TOO LATE,DEM,VOTE BY MAIL,128028
RECEIVED TOO LATE,AI,VOTE BY MAIL,109004
RECEIVED TOO LATE,REP,VOTE BY MAIL,109004
RECEIVED TOO LATE,REP,VOTE BY MAIL,128001
RECEIVED TOO LATE,NPP,VOTE BY MAIL,115001
RECEIVED TOO LATE,DEM,VOTE BY MAIL,126001
NON-MATCHING SIGNATURE,DEM,VOTE BY MAIL,128008
RECEIVED TOO LATE,REP,VOTE BY MAIL,121009
NON-MATCHING SIGNATURE,REP,VOTE BY MAIL,128008
RECEIVED TOO LATE,NPP,VOTE BY MAIL,117006
RECEIVED TOO LATE,NPP,VOTE BY MAIL,114001
RECEIVED TOO LATE,NPP,VOTE BY MAIL,121001
RECEIVED TOO LATE,DEM,VOTE BY MAIL,117014
RECEIVED TOO LATE,REP,VOTE BY MAIL,117058
NON-MATCHING SIGNATURE,REP,VOTE BY MAIL,107001
RECEIVED TOO LATE,REP,VOTE BY MAIL,112005
RECEIVED TOO LATE,DEM,VOTE BY MAIL,117007
RECEIVED TOO LATE,AI,VOTE BY MAIL,117112
RECEIVED TOO LATE,NPP,VOTE BY MAIL,103004
RECEIVED TOO LATE,DEM,VOTE BY MAIL,117088
RECEIVED TOO LATE,DEM,VOTE BY MAIL,117088
RECEIVED TOO LATE,REP,VOTE BY MAIL,126002
RECEIVED TOO LATE,NPP,VOTE BY MAIL,117088
NON-MATCHING SIGNATURE,DEM,VOTE BY MAIL,128007
RECEIVED TOO LATE,REP,VOTE BY MAIL,126002
NON-MATCHING SIGNATURE,DEM,VOTE BY MAIL,126001
RECEIVED TOO LATE,DEM,VOTE BY MAIL,128001
RECEIVED TOO LATE,DEM,VOTE BY MAIL,103001
NON-MATCHING SIGNATURE,DEM,VOTE BY MAIL,117003
RECEIVED TOO LATE,REP,VOTE BY MAIL,117090
RECEIVED TOO LATE,NPP,VOTE BY MAIL,105002
RECEIVED TOO LATE,REP,VOTE BY MAIL,115001
RECEIVED TOO LATE,DEM,VOTE BY MAIL,121003
RECEIVED TOO LATE,REP,VOTE BY MAIL,132002
RECEIVED TOO LATE,DEM,VOTE BY MAIL,106009
NON-MATCHING SIGNATURE,REP,VOTE BY MAIL,128008
NON-MATCHING SIGNATURE,DEM,VOTE BY MAIL,117003
RECEIVED TOO LATE,REP,VOTE BY MAIL,103008
RECEIVED TOO LATE,REP,VOTE BY MAIL,128008
RECEIVED TOO LATE,DEM,VOTE BY MAIL,128013
RECEIVED TOO LATE,REP,VOTE BY MAIL,105002
RECEIVED TOO LATE,REP,VOTE BY MAIL,102007
RECEIVED TOO LATE,AI,VOTE BY MAIL,128005
RECEIVED TOO LATE,DEM,VOTE BY MAIL,121001
RECEIVED TOO LATE,NPP,VOTE BY MAIL,105002
RECEIVED TOO LATE,REP,VOTE BY MAIL,117010
RECEIVED TOO LATE,REP,VOTE BY MAIL,117009
RECEIVED TOO LATE,DEM,VOTE BY MAIL,108001
RECEIVED TOO LATE,REP,VOTE BY MAIL,110008
RECEIVED TOO LATE,DEM,VOTE BY MAIL,103001
RECEIVED TOO LATE,DEM,VOTE BY MAIL,128015
NON-MATCHING SIGNATURE,NPP,VOTE BY MAIL,117062
RECEIVED TOO LATE,DEM,VOTE BY MAIL,108001
NON-MATCHING SIGNATURE,REP,VOTE BY MAIL,114001
RECEIVED TOO LATE,DEM,VOTE BY MAIL,128005
RECEIVED TOO LATE,DEM,VOTE BY MAIL,117004
RECEIVED TOO LATE,DEM,VOTE BY MAIL,105002
RECEIVED TOO LATE,DEM,VOTE BY MAIL,114001
RECEIVED TOO LATE,DEM,VOTE BY MAIL,114001
RECEIVED TOO LATE,REP,VOTE BY MAIL,117104
RECEIVED TOO LATE,DEM,VOTE BY MAIL,119001
RECEIVED TOO LATE,REP,VOTE BY MAIL,117112
RECEIVED TOO LATE,REP,VOTE BY MAIL,117059
RECEIVED TOO LATE,AI,VOTE BY MAIL,124005
RECEIVED TOO LATE,REP,VOTE BY MAIL,104001
NON-MATCHING SIGNATURE,DEM,VOTE BY MAIL,128005
RECEIVED TOO LATE,DEM,VOTE BY MAIL,117074
RECEIVED TOO LATE,NPP,VOTE BY MAIL,117010
RECEIVED TOO LATE,REP,VOTE BY MAIL,128008
RECEIVED TOO LATE,REP,VOTE BY MAIL,112005
RECEIVED TOO LATE,REP,VOTE BY MAIL,128008
RECEIVED TOO LATE,REP,VOTE BY MAIL,101003
RECEIVED TOO LATE,DEM,VOTE BY MAIL,117090
RECEIVED TOO LATE,DEM,VOTE BY MAIL,117029
RECEIVED TOO LATE,DEM,VOTE BY MAIL,121001
RECEIVED TOO LATE,REP,VOTE BY MAIL,124003
RECEIVED TOO LATE,AI,VOTE BY MAIL,112005
RECEIVED TOO LATE,REP,VOTE BY MAIL,128008
NON-MATCHING SIGNATURE,DEM,VOTE BY MAIL,128001
RECEIVED TOO LATE,REP,VOTE BY MAIL,117091
RECEIVED TOO LATE,NPP,VOTE BY MAIL,117074
RECEIVED TOO LATE,REP,VOTE BY MAIL,117074
NON-MATCHING SIGNATURE,DEM,VOTE BY MAIL,117074
RECEIVED TOO LATE,DEM,VOTE BY MAIL,123001
RECEIVED TOO LATE,AI,VOTE BY MAIL,126002
NON-MATCHING SIGNATURE,NPP,VOTE BY MAIL,128008
RECEIVED TOO LATE,REP,VOTE BY MAIL,128028
NON-MATCHING SIGNATURE,NPP,VOTE BY MAIL,113002
NON-MATCHING SIGNATURE,LIB,VOTE BY MAIL,108004
RECEIVED TOO LATE,NPP,VOTE BY MAIL,132002
NON-MATCHING SIGNATURE,LIB,VOTE BY MAIL,128005
RECEIVED TOO LATE,REP,VOTE BY MAIL,110001
RECEIVED TOO LATE,REP,VOTE BY MAIL,121003
RECEIVED TOO LATE,REP,VOTE BY MAIL,128028
RECEIVED TOO LATE,REP,VOTE BY MAIL,117010
RECEIVED TOO LATE,REP,VOTE BY MAIL,117009
RECEIVED TOO LATE,DEM,VOTE BY MAIL,110001
RECEIVED TOO LATE,NPP,VOTE BY MAIL,117004
NON-MATCHING SIGNATURE,DEM,VOTE BY MAIL,119001
RECEIVED TOO LATE,REP,VOTE BY MAIL,117064
RECEIVED TOO LATE,REP,VOTE BY MAIL,121003
RECEIVED TOO LATE,DEM,VOTE BY MAIL,132002
RECEIVED TOO LATE,REP,VOTE BY MAIL,110001
RECEIVED TOO LATE,REP,VOTE BY MAIL,119001
NON-MATCHING SIGNATURE,LIB,VOTE BY MAIL,117074
RECEIVED TOO LATE,REP,VOTE BY MAIL,126002
RECEIVED TOO LATE,REP,VOTE BY MAIL,117009
RECEIVED TOO LATE,REP,VOTE BY MAIL,117047
NON-MATCHING SIGNATURE,DEM,VOTE BY MAIL,124003
RECEIVED TOO LATE,REP,VOTE BY MAIL,103002
RECEIVED TOO LATE,REP,VOTE BY MAIL,117004
RECEIVED TOO LATE,DEM,VOTE BY MAIL,117064
RECEIVED TOO LATE,LIB,VOTE BY MAIL,132002
RECEIVED TOO LATE,REP,VOTE BY MAIL,117091
RECEIVED TOO LATE,DEM,VOTE BY MAIL,117010
NO VOTER SIGNATURE,DEM,VOTE BY MAIL,124001
RECEIVED TOO LATE,NPP,VOTE BY MAIL,128001
RECEIVED TOO LATE,REP,VOTE BY MAIL,114001
RECEIVED TOO LATE,DEM,VOTE BY MAIL,128005
NON-MATCHING SIGNATURE,REP,VOTE BY MAIL,104002
RECEIVED TOO LATE,DEM,VOTE BY MAIL,105002
NON-MATCHING SIGNATURE,DEM,VOTE BY MAIL,128022
RECEIVED TOO LATE,NPP,VOTE BY MAIL,103004
RECEIVED TOO LATE,DEM,VOTE BY MAIL,128013
RECEIVED TOO LATE,NPP,VOTE BY MAIL,117010
RECEIVED TOO LATE,REP,VOTE BY MAIL,128013
NON-MATCHING SIGNATURE,REP,VOTE BY MAIL,126001
RECEIVED TOO LATE,REP,VOTE BY MAIL,110001
NON-MATCHING SIGNATURE,DEM,VOTE BY MAIL,117038
RECEIVED TOO LATE,REP,VOTE BY MAIL,105002
RECEIVED TOO LATE,REP,VOTE BY MAIL,115001
RECEIVED TOO LATE,REP,VOTE BY MAIL,123001
RECEIVED TOO LATE,REP,VOTE BY MAIL,132002
RECEIVED TOO LATE,DEM,VOTE BY MAIL,103008
RECEIVED TOO LATE,DEM,VOTE BY MAIL,103004
RECEIVED TOO LATE,REP,VOTE BY MAIL,117005
RECEIVED TOO LATE,REP,VOTE BY MAIL,129001
NON-MATCHING SIGNATURE,REP,VOTE BY MAIL,124003
RECEIVED TOO LATE,REP,VOTE BY MAIL,117014
RECEIVED TOO LATE,DEM,VOTE BY MAIL,117080
RECEIVED TOO LATE,DEM,VOTE BY MAIL,107005
RECEIVED TOO LATE,REP,VOTE BY MAIL,110008
RECEIVED TOO LATE,DEM,VOTE BY MAIL,117104
RECEIVED TOO LATE,DEM,VOTE BY MAIL,110001
RECEIVED TOO LATE,REP,VOTE BY MAIL,115001
RECEIVED TOO LATE,REP,VOTE BY MAIL,132002
RECEIVED TOO LATE,DEM,VOTE BY MAIL,112005
RECEIVED TOO LATE,REP,VOTE BY MAIL,117074
RECEIVED TOO LATE,REP,VOTE BY MAIL,128008
RECEIVED TOO LATE,DEM,VOTE BY MAIL,114001
RECEIVED TOO LATE,NPP,VOTE BY MAIL,117112
RECEIVED TOO LATE,AI,VOTE BY MAIL,117112
NON-MATCHING SIGNATURE,LIB,VOTE BY MAIL,117011
NO VOTER SIGNATURE,REP,VOTE BY MAIL,117011
RECEIVED TOO LATE,AI,VOTE BY MAIL,117038
RECEIVED TOO LATE,DEM,VOTE BY MAIL,107010
RECEIVED TOO LATE,DEM,VOTE BY MAIL,128005
NON-MATCHING SIGNATURE,NPP,VOTE BY MAIL,112005
NON-MATCHING SIGNATURE,REP,VOTE BY MAIL,105002
RECEIVED TOO LATE,REP,VOTE BY MAIL,117038
RECEIVED TOO LATE,DEM,VOTE BY MAIL,106009
RECEIVED TOO LATE,DEM,VOTE BY MAIL,117002
RECEIVED TOO LATE,REP,VOTE BY MAIL,114001
RECEIVED TOO LATE,DEM,VOTE BY MAIL,110008
RECEIVED TOO LATE,DEM,VOTE BY MAIL,117080
RECEIVED TOO LATE,REP,VOTE BY MAIL,117011
RECEIVED TOO LATE,DEM,VOTE BY MAIL,106009
RECEIVED TOO LATE,REP,VOTE BY MAIL,117090
RECEIVED TOO LATE,DEM,VOTE BY MAIL,128002
RECEIVED TOO LATE,REP,VOTE BY MAIL,128013
RECEIVED TOO LATE,REP,VOTE BY MAIL,121003
RECEIVED TOO LATE,REP,VOTE BY MAIL,117088
NON-MATCHING SIGNATURE,REP,VOTE BY MAIL,114001
NON-MATCHING SIGNATURE,DEM,VOTE BY MAIL,121001
NON-MATCHING SIGNATURE,REP,VOTE BY MAIL,102002
RECEIVED TOO LATE,REP,VOTE BY MAIL,106009
NO VOTER SIGNATURE,DEM,VOTE BY MAIL,103002
RECEIVED TOO LATE,REP,VOTE BY MAIL,115001
RECEIVED TOO LATE,NPP,VOTE BY MAIL,128005
NON-MATCHING SIGNATURE,NPP,VOTE BY MAIL,128001
RECEIVED TOO LATE,REP,VOTE BY MAIL,101003
RECEIVED TOO LATE,REP,VOTE BY MAIL,105002
RECEIVED TOO LATE,REP,VOTE BY MAIL,126001
NON-MATCHING SIGNATURE,AI,VOTE BY MAIL,117059
NON-MATCHING SIGNATURE,REP,VOTE BY MAIL,119001
RECEIVED TOO LATE,REP,VOTE BY MAIL,108002
RECEIVED TOO LATE,REP,VOTE BY MAIL,108002
NON-MATCHING SIGNATURE,DEM,VOTE BY MAIL,112005
RECEIVED TOO LATE,NPP,VOTE BY MAIL,117064
NON-MATCHING SIGNATURE,DEM,VOTE BY MAIL,117104
RECEIVED TOO LATE,DEM,VOTE BY MAIL,128001
RECEIVED TOO LATE,REP,VOTE BY MAIL,117029
RECEIVED TOO LATE,REP,VOTE BY MAIL,117080
RECEIVED TOO LATE,DEM,VOTE BY MAIL,117112
RECEIVED TOO LATE,REP,VOTE BY MAIL,117029
RECEIVED TOO LATE,REP,VOTE BY MAIL,108004
RECEIVED TOO LATE,REP,VOTE BY MAIL,117112
NON-MATCHING SIGNATURE,DEM,VOTE BY MAIL,103005
RECEIVED TOO LATE,REP,VOTE BY MAIL,128015
RECEIVED TOO LATE,REP,VOTE BY MAIL,105002
RECEIVED TOO LATE,REP,VOTE BY MAIL,117088
RECEIVED TOO LATE,DEM,VOTE BY MAIL,128013
NON-MATCHING SIGNATURE,REP,VOTE BY MAIL,117080
RECEIVED TOO LATE,AI,VOTE BY MAIL,117029
RECEIVED TOO LATE,REP,VOTE BY MAIL,128022
RECEIVED TOO LATE,REP,VOTE BY MAIL,117074
NON-MATCHING SIGNATURE,REP,VOTE BY MAIL,128022
NO VOTER SIGNATURE,REP,VOTE BY MAIL,117080
RECEIVED TOO LATE,REP,VOTE BY MAIL,121003
RECEIVED TOO LATE,REP,VOTE BY MAIL,108004
RECEIVED TOO LATE,REP,VOTE BY MAIL,117010
RECEIVED TOO LATE,REP,VOTE BY MAIL,117104
RECEIVED TOO LATE,REP,VOTE BY MAIL,102012
RECEIVED TOO LATE,DEM,VOTE BY MAIL,117029
RECEIVED TOO LATE,DEM,VOTE BY MAIL,119001
RECEIVED TOO LATE,NPP,VOTE BY MAIL,121001
RECEIVED TOO LATE,REP,VOTE BY MAIL,128028
RECEIVED TOO LATE,DEM,VOTE BY MAIL,117011
RECEIVED TOO LATE,DEM,VOTE BY MAIL,102003
RECEIVED TOO LATE,DEM,VOTE BY MAIL,128008
RECEIVED TOO LATE,REP,VOTE BY MAIL,105006
RECEIVED TOO LATE,NPP,VOTE BY MAIL,117038
RECEIVED TOO LATE,REP,VOTE BY MAIL,107010
RECEIVED TOO LATE,REP,VOTE BY MAIL,117058
NON-MATCHING SIGNATURE,REP,VOTE BY MAIL,101003
RECEIVED TOO LATE,DEM,VOTE BY MAIL,117074
RECEIVED TOO LATE,NPP,VOTE BY MAIL,117059
RECEIVED TOO LATE,DEM,VOTE BY MAIL,117010
RECEIVED TOO LATE,NPP,VOTE BY MAIL,119001
RECEIVED TOO LATE,NPP,VOTE BY MAIL,117011
RECEIVED TOO LATE,DEM,VOTE BY MAIL,117009
RECEIVED TOO LATE,NPP,VOTE BY MAIL,103005
RECEIVED TOO LATE,AI,VOTE BY MAIL,103005
RECEIVED TOO LATE,REP,VOTE BY MAIL,128005
RECEIVED TOO LATE,DEM,VOTE BY MAIL,117080
RECEIVED TOO LATE,REP,VOTE BY MAIL,126002
NON-MATCHING SIGNATURE,REP,VOTE BY MAIL,117009
RECEIVED TOO LATE,DEM,VOTE BY MAIL,128008
RECEIVED TOO LATE,REP,VOTE BY MAIL,128002
RECEIVED TOO LATE,DEM,VOTE BY MAIL,115001
RECEIVED TOO LATE,REP,VOTE BY MAIL,117011
RECEIVED TOO LATE,AI,VOTE BY MAIL,115001
RECEIVED TOO LATE,DEM,VOTE BY MAIL,108004
NO VOTER SIGNATURE,REP,VOTE BY MAIL,117047
RECEIVED TOO LATE,REP,VOTE BY MAIL,115001
RECEIVED TOO LATE,DEM,VOTE BY MAIL,117091
RECEIVED TOO LATE,DEM,VOTE BY MAIL,128002
RECEIVED TOO LATE,REP,VOTE BY MAIL,111009
RECEIVED TOO LATE,REP,VOTE BY MAIL,128005
RECEIVED TOO LATE,REP,VOTE BY MAIL,128005
NON-MATCHING SIGNATURE,AI,VOTE BY MAIL,128008
RECEIVED TOO LATE,REP,VOTE BY MAIL,128001
RECEIVED TOO LATE,REP,VOTE BY MAIL,109004
RECEIVED TOO LATE,DEM,VOTE BY MAIL,121003
RECEIVED TOO LATE,DEM,VOTE BY MAIL,128028
RECEIVED TOO LATE,REP,VOTE BY MAIL,128028
RECEIVED TOO LATE,REP,VOTE BY MAIL,114001
RECEIVED TOO LATE,REP,VOTE BY MAIL,117029
RECEIVED TOO LATE,REP,VOTE BY MAIL,105002
NON-MATCHING SIGNATURE,DEM,VOTE BY MAIL,117014
RECEIVED TOO LATE,REP,VOTE BY MAIL,121003
RECEIVED TOO LATE,REP,VOTE BY MAIL,107010
NON-MATCHING SIGNATURE,REP,VOTE BY MAIL,106001
RECEIVED TOO LATE,DEM,VOTE BY MAIL,128005
RECEIVED TOO LATE,REP,VOTE BY MAIL,117038
RECEIVED TOO LATE,DEM,VOTE BY MAIL,117038
RECEIVED TOO LATE,REP,VOTE BY MAIL,117104
RECEIVED TOO LATE,DEM,VOTE BY MAIL,115001
RECEIVED TOO LATE,REP,VOTE BY MAIL,117014
RECEIVED TOO LATE,REP,VOTE BY MAIL,117088
RECEIVED TOO LATE,REP,VOTE BY MAIL,104001
RECEIVED TOO LATE,DEM,VOTE BY MAIL,117091
RECEIVED TOO LATE,LIB,VOTE BY MAIL,110008
RECEIVED TOO LATE,REP,VOTE BY MAIL,108002
RECEIVED TOO LATE,REP,VOTE BY MAIL,117074
RECEIVED TOO LATE,REP,VOTE BY MAIL,128002
NON-MATCHING SIGNATURE,REP,VOTE BY MAIL,128008
RECEIVED TOO LATE,NPP,VOTE BY MAIL,107010
RECEIVED TOO LATE,DEM,VOTE BY MAIL,112005
RECEIVED TOO LATE,REP,VOTE BY MAIL,121003
RECEIVED TOO LATE,NPP,VOTE BY MAIL,108001
RECEIVED TOO LATE,NPP,VOTE BY MAIL,121001
NON-MATCHING SIGNATURE,REP,VOTE BY MAIL,124003
RECEIVED TOO LATE,NPP,VOTE BY MAIL,108004
RECEIVED TOO LATE,DEM,VOTE BY MAIL,117007
RECEIVED TOO LATE,DEM,VOTE BY MAIL,123001
RECEIVED TOO LATE,REP,VOTE BY MAIL,117010
RECEIVED TOO LATE,DEM,VOTE BY MAIL,105002
RECEIVED TOO LATE,REP,VOTE BY MAIL,126008
NON-MATCHING SIGNATURE,NPP,VOTE BY MAIL,102012
NON-MATCHING SIGNATURE,DEM,VOTE BY MAIL,117009
RECEIVED TOO LATE,REP,VOTE BY MAIL,110008
NON-MATCHING SIGNATURE,DEM,VOTE BY MAIL,117058
RECEIVED TOO LATE,REP,VOTE BY MAIL,106009
RECEIVED TOO LATE,REP,VOTE BY MAIL,108004
RECEIVED TOO LATE,DEM,VOTE BY MAIL,103002
RECEIVED TOO LATE,DEM,VOTE BY MAIL,128008
RECEIVED TOO LATE,REP,VOTE BY MAIL,117029
RECEIVED TOO LATE,REP,VOTE BY MAIL,121003
RECEIVED TOO LATE,AI,VOTE BY MAIL,128007
RECEIVED TOO LATE,REP,VOTE BY MAIL,115001
RECEIVED TOO LATE,NPP,VOTE BY MAIL,117038
RECEIVED TOO LATE,NPP,VOTE BY MAIL,115001
RECEIVED TOO LATE,REP,VOTE BY MAIL,117001
RECEIVED TOO LATE,REP,VOTE BY MAIL,115001
RECEIVED TOO LATE,REP,VOTE BY MAIL,106009
RECEIVED TOO LATE,DEM,VOTE BY MAIL,117080
RECEIVED TOO LATE,REP,VOTE BY MAIL,102001
RECEIVED TOO LATE,REP,VOTE BY MAIL,117038
RECEIVED TOO LATE,DEM,VOTE BY MAIL,117088
RECEIVED TOO LATE,DEM,VOTE BY MAIL,117091
RECEIVED TOO LATE,REP,VOTE BY MAIL,132002
RECEIVED TOO LATE,REP,VOTE BY MAIL,128007
RECEIVED TOO LATE,REP,VOTE BY MAIL,124005
NON-MATCHING SIGNATURE,REP,VOTE BY MAIL,128007
RECEIVED TOO LATE,REP,VOTE BY MAIL,115001
RECEIVED TOO LATE,DEM,VOTE BY MAIL,128013
RECEIVED TOO LATE,REP,VOTE BY MAIL,128002
RECEIVED TOO LATE,REP,VOTE BY MAIL,117010
RECEIVED TOO LATE,NPP,VOTE BY MAIL,117047
RECEIVED TOO LATE,REP,VOTE BY MAIL,117029
NON-MATCHING SIGNATURE,REP,VOTE BY MAIL,128001
RECEIVED TOO LATE,DEM,VOTE BY MAIL,110001
NON-MATCHING SIGNATURE,NPP,VOTE BY MAIL,117029
RECEIVED TOO LATE,REP,VOTE BY MAIL,108001
RECEIVED TOO LATE,REP,VOTE BY MAIL,117059
RECEIVED TOO LATE,REP,VOTE BY MAIL,102002
NON-MATCHING SIGNATURE,REP,VOTE BY MAIL,110001
NON-MATCHING SIGNATURE,REP,VOTE BY MAIL,126001
RECEIVED TOO LATE,REP,VOTE BY MAIL,117090
RECEIVED TOO LATE,REP,VOTE BY MAIL,114001
RECEIVED TOO LATE,REP,VOTE BY MAIL,128015
RECEIVED TOO LATE,REP,VOTE BY MAIL,103005
RECEIVED TOO LATE,DEM,VOTE BY MAIL,121001
RECEIVED TOO LATE,AI,VOTE BY MAIL,117002
NO VOTER SIGNATURE,DEM,VOTE BY MAIL,117010
RECEIVED TOO LATE,REP,VOTE BY MAIL,117002
RECEIVED TOO LATE,AI,VOTE BY MAIL,117009
RECEIVED TOO LATE,AI,VOTE BY MAIL,115001
NON-MATCHING SIGNATURE,REP,VOTE BY MAIL,117006
RECEIVED TOO LATE,AI,VOTE BY MAIL,128007
NON-MATCHING SIGNATURE,DEM,VOTE BY MAIL,103005
RECEIVED TOO LATE,AI,VOTE BY MAIL,117080
RECEIVED TOO LATE,REP,VOTE BY MAIL,126008
RECEIVED TOO LATE,REP,VOTE BY MAIL,117062
NON-MATCHING SIGNATURE,REP,VOTE BY MAIL,117072
RECEIVED TOO LATE,NPP,VOTE BY MAIL,117009
NON-MATCHING SIGNATURE,DEM,VOTE BY MAIL,117004
RECEIVED TOO LATE,REP,VOTE BY MAIL,128008
RECEIVED TOO LATE,NPP,VOTE BY MAIL,126008
RECEIVED TOO LATE,REP,VOTE BY MAIL,104001
RECEIVED TOO LATE,DEM,VOTE BY MAIL,108002
RECEIVED TOO LATE,DEM,VOTE BY MAIL,117090
RECEIVED TOO LATE,AI,VOTE BY MAIL,117072
RECEIVED TOO LATE,REP,VOTE BY MAIL,117112
RECEIVED TOO LATE,DEM,VOTE BY MAIL,128001
RECEIVED TOO LATE,NPP,VOTE BY MAIL,128001
NO VOTER SIGNATURE,DEM,VOTE BY MAIL,117104
RECEIVED TOO LATE,AI,VOTE BY MAIL,128008
RECEIVED TOO LATE,REP,VOTE BY MAIL,126002
NON-MATCHING SIGNATURE,DEM,VOTE BY MAIL,124005
RECEIVED TOO LATE,REP,VOTE BY MAIL,117038
RECEIVED TOO LATE,DEM,VOTE BY MAIL,114001
RECEIVED TOO LATE,DEM,VOTE BY MAIL,126001
RECEIVED TOO LATE,REP,VOTE BY MAIL,121001
RECEIVED TOO LATE,DEM,VOTE BY MAIL,129001
RECEIVED TOO LATE,NPP,VOTE BY MAIL,128015
RECEIVED TOO LATE,LIB,VOTE BY MAIL,128002
RECEIVED TOO LATE,DEM,VOTE BY MAIL,117038
RECEIVED TOO LATE,DEM,VOTE BY MAIL,117010
RECEIVED TOO LATE,DEM,VOTE BY MAIL,126008
RECEIVED TOO LATE,REP,VOTE BY MAIL,121001
RECEIVED TOO LATE,REP,VOTE BY MAIL,105002
NO VOTER SIGNATURE,REP,VOTE BY MAIL,128005
RECEIVED TOO LATE,REP,VOTE BY MAIL,126008
RECEIVED TOO LATE,REP,VOTE BY MAIL,109004
RECEIVED TOO LATE,REP,VOTE BY MAIL,128008
RECEIVED TOO LATE,REP,VOTE BY MAIL,108002
RECEIVED TOO LATE,NPP,VOTE BY MAIL,126001
RECEIVED TOO LATE,REP,VOTE BY MAIL,128005
RECEIVED TOO LATE,REP,VOTE BY MAIL,128005
NON-MATCHING SIGNATURE,REP,VOTE BY MAIL,132002
RECEIVED TOO LATE,REP,VOTE BY MAIL,112005
RECEIVED TOO LATE,REP,VOTE BY MAIL,115001
RECEIVED TOO LATE,REP,VOTE BY MAIL,108001
RECEIVED TOO LATE,DEM,VOTE BY MAIL,117059
NO VOTER SIGNATURE,DEM,VOTE BY MAIL,117029
RECEIVED TOO LATE,NPP,VOTE BY MAIL,101001
RECEIVED TOO LATE,NPP,VOTE BY MAIL,121003
RECEIVED TOO LATE,DEM,VOTE BY MAIL,103004
RECEIVED TOO LATE,REP,VOTE BY MAIL,103009
RECEIVED TOO LATE,REP,VOTE BY MAIL,102001
NON-MATCHING SIGNATURE,REP,VOTE BY MAIL,117007
RECEIVED TOO LATE,DEM,VOTE BY MAIL,117010
RECEIVED TOO LATE,NPP,VOTE BY MAIL,121001
RECEIVED TOO LATE,REP,VOTE BY MAIL,110008
NO VOTER SIGNATURE,REP,VOTE BY MAIL,117064
RECEIVED TOO LATE,REP,VOTE BY MAIL,128015
NON-MATCHING SIGNATURE,NPP,VOTE BY MAIL,117088
RECEIVED TOO LATE,REP,VOTE BY MAIL,106009
RECEIVED TOO LATE,REP,VOTE BY MAIL,128022
NON-MATCHING SIGNATURE,DEM,VOTE BY MAIL,107010
RECEIVED TOO LATE,DEM,VOTE BY MAIL,117021
RECEIVED TOO LATE,DEM,VOTE BY MAIL,108004
RECEIVED TOO LATE,AI,VOTE BY MAIL,128015
RECEIVED TOO LATE,REP,VOTE BY MAIL,108004
RECEIVED TOO LATE,DEM,VOTE BY MAIL,126002
NON-MATCHING SIGNATURE,AI,VOTE BY MAIL,103004
RECEIVED TOO LATE,DEM,VOTE BY MAIL,128001
RECEIVED TOO LATE,DEM,VOTE BY MAIL,103002
RECEIVED TOO LATE,REP,VOTE BY MAIL,117074
RECEIVED TOO LATE,DEM,VOTE BY MAIL,117004
RECEIVED TOO LATE,REP,VOTE BY MAIL,102002
NON-MATCHING SIGNATURE,DEM,VOTE BY MAIL,124005
RECEIVED TOO LATE,AI,VOTE BY MAIL,117009
RECEIVED TOO LATE,DEM,VOTE BY MAIL,119001
NON-MATCHING SIGNATURE,DEM,VOTE BY MAIL,128007
NON-MATCHING SIGNATURE,DEM,VOTE BY MAIL,117014
RECEIVED TOO LATE,NPP,VOTE BY MAIL,128022
RECEIVED TOO LATE,REP,VOTE BY MAIL,117072
NON-MATCHING SIGNATURE,REP,VOTE BY MAIL,105002
NO VOTER SIGNATURE,REP,VOTE BY MAIL,102007
RECEIVED TOO LATE,DEM,VOTE BY MAIL,107010
NON-MATCHING SIGNATURE,DEM,VOTE BY MAIL,117072
RECEIVED TOO LATE,NPP,VOTE BY MAIL,117010
RECEIVED TOO LATE,NPP,VOTE BY MAIL,117007
RECEIVED TOO LATE,REP,VOTE BY MAIL,124005
RECEIVED TOO LATE,DEM,VOTE BY MAIL,119001
RECEIVED TOO LATE,DEM,VOTE BY MAIL,119001
NON-MATCHING SIGNATURE,NPP,VOTE BY MAIL,117004
RECEIVED TOO LATE,REP,VOTE BY MAIL,117064
RECEIVED TOO LATE,REP,VOTE BY MAIL,104001
RECEIVED TOO LATE,REP,VOTE BY MAIL,117062
NON-MATCHING SIGNATURE,NPP,VOTE BY MAIL,102012
RECEIVED TOO LATE,DEM,VOTE BY MAIL,117003
RECEIVED TOO LATE,DEM,VOTE BY MAIL,124001
NON-MATCHING SIGNATURE,DEM,VOTE BY MAIL,103010
NON-MATCHING SIGNATURE,NPP,VOTE BY MAIL,105002
RECEIVED TOO LATE,DEM,VOTE BY MAIL,114001
NON-MATCHING SIGNATURE,NPP,VOTE BY MAIL,129001
NON-MATCHING SIGNATURE,REP,VOTE BY MAIL,117038
RECEIVED TOO LATE,REP,VOTE BY MAIL,117009
RECEIVED TOO LATE,NPP,VOTE BY MAIL,128001
RECEIVED TOO LATE,REP,VOTE BY MAIL,117014
RECEIVED TOO LATE,REP,VOTE BY MAIL,117006
RECEIVED TOO LATE,DEM,VOTE BY MAIL,117010
RECEIVED TOO LATE,REP,VOTE BY MAIL,107005
RECEIVED TOO LATE,REP,VOTE BY MAIL,117003
RECEIVED TOO LATE,REP,VOTE BY MAIL,126001
RECEIVED TOO LATE,DEM,VOTE BY MAIL,121001
RECEIVED TOO LATE,DEM,VOTE BY MAIL,117080
RECEIVED TOO LATE,REP,VOTE BY MAIL,117047
RECEIVED TOO LATE,REP,VOTE BY MAIL,117047
RECEIVED TOO LATE,REP,VOTE BY MAIL,126001
NON-MATCHING SIGNATURE,DEM,VOTE BY MAIL,103005
RECEIVED TOO LATE,DEM,VOTE BY MAIL,117047
RECEIVED TOO LATE,DEM,VOTE BY MAIL,104001
RECEIVED TOO LATE,NPP,VOTE BY MAIL,117091
RECEIVED TOO LATE,DEM,VOTE BY MAIL,117091
RECEIVED TOO LATE,NPP,VOTE BY MAIL,124003
RECEIVED TOO LATE,REP,VOTE BY MAIL,117011
RECEIVED TOO LATE,REP,VOTE BY MAIL,117058
RECEIVED TOO LATE,DEM,VOTE BY MAIL,124003
RECEIVED TOO LATE,NPP,VOTE BY MAIL,128007
RECEIVED TOO LATE,REP,VOTE BY MAIL,103009
RECEIVED TOO LATE,REP,VOTE BY MAIL,117011
NO VOTER SIGNATURE,DEM,VOTE BY MAIL,117021
RECEIVED TOO LATE,NPP,VOTE BY MAIL,128028
RECEIVED TOO LATE,DEM,VOTE BY MAIL,117112
NON-MATCHING SIGNATURE,DEM,VOTE BY MAIL,103008
RECEIVED TOO LATE,NPP,VOTE BY MAIL,117038
RECEIVED TOO LATE,REP,VOTE BY MAIL,110001
RECEIVED TOO LATE,REP,VOTE BY MAIL,115001
RECEIVED TOO LATE,REP,VOTE BY MAIL,117058
NON-MATCHING SIGNATURE,REP,VOTE BY MAIL,115001
RECEIVED TOO LATE,REP,VOTE BY MAIL,117088
RECEIVED TOO LATE,DEM,VOTE BY MAIL,117064
NON-MATCHING SIGNATURE,REP,VOTE BY MAIL,108001
RECEIVED TOO LATE,REP,VOTE BY MAIL,124005
NON-MATCHING SIGNATURE,REP,VOTE BY MAIL,121001
RECEIVED TOO LATE,DEM,VOTE BY MAIL,102001
RECEIVED TOO LATE,AI,VOTE BY MAIL,117090
RECEIVED TOO LATE,LIB,VOTE BY MAIL,103010
RECEIVED TOO LATE,REP,VOTE BY MAIL,108001
NON-MATCHING SIGNATURE,DEM,VOTE BY MAIL,129001
NON-MATCHING SIGNATURE,DEM,VOTE BY MAIL,103010
RECEIVED TOO LATE,REP,VOTE BY MAIL,117007
NON-MATCHING SIGNATURE,NPP,VOTE BY MAIL,126008
RECEIVED TOO LATE,DEM,VOTE BY MAIL,117007
RECEIVED TOO LATE,DEM,VOTE BY MAIL,117003
RECEIVED TOO LATE,DEM,VOTE BY MAIL,114001
NON-MATCHING SIGNATURE,DEM,VOTE BY MAIL,108001
RECEIVED TOO LATE,DEM,VOTE BY MAIL,128005
RECEIVED TOO LATE,LIB,VOTE BY MAIL,103002
RECEIVED TOO LATE,REP,VOTE BY MAIL,117038
RECEIVED TOO LATE,DEM,VOTE BY MAIL,103010
RECEIVED TOO LATE,DEM,VOTE BY MAIL,117003
RECEIVED TOO LATE,DEM,VOTE BY MAIL,117088
NON-MATCHING SIGNATURE,DEM,VOTE BY MAIL,117090
NO VOTER SIGNATURE,NPP,VOTE BY MAIL,117011
RECEIVED TOO LATE,DEM,VOTE BY MAIL,117059
RECEIVED TOO LATE,DEM,VOTE BY MAIL,126001
NON-MATCHING SIGNATURE,NPP,VOTE BY MAIL,117059
RECEIVED TOO LATE,REP,VOTE BY MAIL,128028
NON-MATCHING SIGNATURE,NPP,VOTE BY MAIL,108001
RECEIVED TOO LATE,REP,VOTE BY MAIL,126008
NON-MATCHING SIGNATURE,DEM,VOTE BY MAIL,128022
RECEIVED TOO LATE,REP,VOTE BY MAIL,117038
RECEIVED TOO LATE,REP,VOTE BY MAIL,126001
RECEIVED TOO LATE,REP,VOTE BY MAIL,128028
RECEIVED TOO LATE,DEM,VOTE BY MAIL,117011
RECEIVED TOO LATE,DEM,VOTE BY MAIL,117080
RECEIVED TOO LATE,REP,VOTE BY MAIL,113002
RECEIVED TOO LATE,NPP,VOTE BY MAIL,113002
NON-MATCHING SIGNATURE,DEM,VOTE BY MAIL,117014
NON-MATCHING SIGNATURE,REP,VOTE BY MAIL,117088
NON-MATCHING SIGNATURE,DEM,VOTE BY MAIL,107005
NON-MATCHING SIGNATURE,DEM,VOTE BY MAIL,117058
NON-MATCHING SIGNATURE,DEM,VOTE BY MAIL,108001
RECEIVED TOO LATE,DEM,VOTE BY MAIL,103008
RECEIVED TOO LATE,DEM,VOTE BY MAIL,117091
NON-MATCHING SIGNATURE,AI,VOTE BY MAIL,102007
RECEIVED TOO LATE,REP,VOTE BY MAIL,128007
RECEIVED TOO LATE,DEM,VOTE BY MAIL,117080
NON-MATCHING SIGNATURE,NPP,VOTE BY MAIL,117003
NON-MATCHING SIGNATURE,REP,VOTE BY MAIL,117002
NON-MATCHING SIGNATURE,REP,VOTE BY MAIL,117009
NON-MATCHING SIGNATURE,NPP,VOTE BY MAIL,103010
NON-MATCHING SIGNATURE,DEM,VOTE BY MAIL,117062
RECEIVED TOO LATE,REP,VOTE BY MAIL,124001
RECEIVED TOO LATE,REP,VOTE BY MAIL,103009
RECEIVED TOO LATE,NPP,VOTE BY MAIL,124003
RECEIVED TOO LATE,NPP,VOTE BY MAIL,128028
NON-MATCHING SIGNATURE,REP,VOTE BY MAIL,117088
RECEIVED TOO LATE,DEM,VOTE BY MAIL,124001
NON-MATCHING SIGNATURE,DEM,VOTE BY MAIL,128001
RECEIVED TOO LATE,DEM,VOTE BY MAIL,117064
RECEIVED TOO LATE,DEM,VOTE BY MAIL,103002
RECEIVED TOO LATE,LIB,VOTE BY MAIL,128002
RECEIVED TOO LATE,REP,VOTE BY MAIL,128013
RECEIVED TOO LATE,DEM,VOTE BY MAIL,117038
RECEIVED TOO LATE,REP,VOTE BY MAIL,108004
RECEIVED TOO LATE,DEM,VOTE BY MAIL,124001
RECEIVED TOO LATE,LIB,VOTE BY MAIL,108004
NON-MATCHING SIGNATURE,REP,VOTE BY MAIL,126001
RECEIVED TOO LATE,NPP,VOTE BY MAIL,119001
RECEIVED TOO LATE,REP,VOTE BY MAIL,128028
RECEIVED TOO LATE,REP,VOTE BY MAIL,117064
RECEIVED TOO LATE,DEM,VOTE BY MAIL,117091
RECEIVED TOO LATE,DEM,VOTE BY MAIL,124005
RECEIVED TOO LATE,REP,VOTE BY MAIL,128005
RECEIVED TOO LATE,DEM,VOTE BY MAIL,128008
RECEIVED TOO LATE,REP,VOTE BY MAIL,128028
NON-MATCHING SIGNATURE,DEM,VOTE BY MAIL,126001
NON-MATCHING SIGNATURE,NPP,VOTE BY MAIL,117088
RECEIVED TOO LATE,REP,VOTE BY MAIL,121009
NON-MATCHING SIGNATURE,NPP,VOTE BY MAIL,117021
RECEIVED TOO LATE,REP,VOTE BY MAIL,126002
NON-MATCHING SIGNATURE,REP,VOTE BY MAIL,128028
RECEIVED TOO LATE,REP,VOTE BY MAIL,123001
RECEIVED TOO LATE,REP,VOTE BY MAIL,132002
RECEIVED TOO LATE,REP,VOTE BY MAIL,103010
RECEIVED TOO LATE,DEM,VOTE BY MAIL,124001
NON-MATCHING SIGNATURE,REP,VOTE BY MAIL,117104
RECEIVED TOO LATE,NPP,VOTE BY MAIL,103004
RECEIVED TOO LATE,DEM,VOTE BY MAIL,117080
RECEIVED TOO LATE,REP,VOTE BY MAIL,128002
NON-MATCHING SIGNATURE,DEM,VOTE BY MAIL,117088
NON-MATCHING SIGNATURE,REP,VOTE BY MAIL,102002
RECEIVED TOO LATE,REP,VOTE BY MAIL,132002
RECEIVED TOO LATE,REP,VOTE BY MAIL,103005
NON-MATCHING SIGNATURE,DEM,VOTE BY MAIL,119001
NON-MATCHING SIGNATURE,DEM,VOTE BY MAIL,126002
NON-MATCHING SIGNATURE,REP,VOTE BY MAIL,117038
RECEIVED TOO LATE,DEM,VOTE BY MAIL,117038
RECEIVED TOO LATE,PF,VOTE BY MAIL,117080
RECEIVED TOO LATE,DEM,VOTE BY MAIL,119001
RECEIVED TOO LATE,DEM,VOTE BY MAIL,128008
RECEIVED TOO LATE,NPP,VOTE BY MAIL,117112
NON-MATCHING SIGNATURE,NPP,VOTE BY MAIL,117088
RECEIVED TOO LATE,DEM,VOTE BY MAIL,103005
NON-MATCHING SIGNATURE,REP,VOTE BY MAIL,126001
RECEIVED TOO LATE,GRN,VOTE BY MAIL,128002
NON-MATCHING SIGNATURE,REP,VOTE BY MAIL,117088
RECEIVED TOO LATE,NPP,VOTE BY MAIL,121003
RECEIVED TOO LATE,DEM,VOTE BY MAIL,124001
RECEIVED TOO LATE,DEM,VOTE BY MAIL,106009
NON-MATCHING SIGNATURE,REP,VOTE BY MAIL,108001
NON-MATCHING SIGNATURE,REP,VOTE BY MAIL,121003
RECEIVED TOO LATE,DEM,VOTE BY MAIL,128028
NO VOTER SIGNATURE,REP,VOTE BY MAIL,128013
RECEIVED TOO LATE,REP,VOTE BY MAIL,128005
RECEIVED TOO LATE,REP,VOTE BY MAIL,117021
RECEIVED TOO LATE,REP,VOTE BY MAIL,117011
NON-MATCHING SIGNATURE,REP,VOTE BY MAIL,117004
NON-MATCHING SIGNATURE,DEM,VOTE BY MAIL,117074
RECEIVED TOO LATE,LIB,VOTE BY MAIL,117011
RECEIVED TOO LATE,AI,VOTE BY MAIL,126001
RECEIVED TOO LATE,REP,VOTE BY MAIL,126001
RECEIVED TOO LATE,DEM,VOTE BY MAIL,128008
RECEIVED TOO LATE,REP,VOTE BY MAIL,126001
RECEIVED TOO LATE,DEM,VOTE BY MAIL,121003
RECEIVED TOO LATE,REP,VOTE BY MAIL,128008
NON-MATCHING SIGNATURE,LIB,VOTE BY MAIL,114001
RECEIVED TOO LATE,DEM,VOTE BY MAIL,117090
NON-MATCHING SIGNATURE,DEM,VOTE BY MAIL,117005
NO VOTER SIGNATURE,REP,VOTE BY MAIL,117047
RECEIVED TOO LATE,REP,VOTE BY MAIL,108001
RECEIVED TOO LATE,REP,VOTE BY MAIL,108001
RECEIVED TOO LATE,AI,VOTE BY MAIL,107001
RECEIVED TOO LATE,REP,VOTE BY MAIL,101001
RECEIVED TOO LATE,REP,VOTE BY MAIL,121009
NON-MATCHING SIGNATURE,DEM,VOTE BY MAIL,128002
RECEIVED TOO LATE,REP,VOTE BY MAIL,112005
RECEIVED TOO LATE,REP,VOTE BY MAIL,114001
NON-MATCHING SIGNATURE,DEM,VOTE BY MAIL,117112
RECEIVED TOO LATE,REP,VOTE BY MAIL,105006
RECEIVED TOO LATE,NPP,VOTE BY MAIL,128022
RECEIVED TOO LATE,DEM,VOTE BY MAIL,103005
RECEIVED TOO LATE,REP,VOTE BY MAIL,117064
RECEIVED TOO LATE,NPP,VOTE BY MAIL,117080
RECEIVED TOO LATE,REP,VOTE BY MAIL,126002
RECEIVED TOO LATE,REP,VOTE BY MAIL,117104
RECEIVED TOO LATE,NPP,VOTE BY MAIL,117058
RECEIVED TOO LATE,DEM,VOTE BY MAIL,117091
NON-MATCHING SIGNATURE,AI,VOTE BY MAIL,117010
RECEIVED TOO LATE,NPP,VOTE BY MAIL,114001
RECEIVED TOO LATE,DEM,VOTE BY MAIL,117001
RECEIVED TOO LATE,NPP,VOTE BY MAIL,110001
NON-MATCHING SIGNATURE,REP,VOTE BY MAIL,128013
RECEIVED TOO LATE,DEM,VOTE BY MAIL,117072
NON-MATCHING SIGNATURE,REP,VOTE BY MAIL,117091
RECEIVED TOO LATE,REP,VOTE BY MAIL,121001
RECEIVED TOO LATE,NPP,VOTE BY MAIL,117090
RECEIVED TOO LATE,DEM,VOTE BY MAIL,106009
NON-MATCHING SIGNATURE,NPP,VOTE BY MAIL,129001
NON-MATCHING SIGNATURE,DEM,VOTE BY MAIL,117002
RECEIVED TOO LATE,REP,VOTE BY MAIL,128028
RECEIVED TOO LATE,DEM,VOTE BY MAIL,129001
RECEIVED TOO LATE,REP,VOTE BY MAIL,128008
RECEIVED TOO LATE,REP,VOTE BY MAIL,108001
RECEIVED TOO LATE,REP,VOTE BY MAIL,117005
NON-MATCHING SIGNATURE,DEM,VOTE BY MAIL,103005
RECEIVED TOO LATE,REP,VOTE BY MAIL,104001
NON-MATCHING SIGNATURE,REP,VOTE BY MAIL,117088
NON-MATCHING SIGNATURE,NPP,VOTE BY MAIL,128015
NON-MATCHING SIGNATURE,NPP,VOTE BY MAIL,104002
RECEIVED TOO LATE,REP,VOTE BY MAIL,128028
NON-MATCHING SIGNATURE,REP,VOTE BY MAIL,110008
NON-MATCHING SIGNATURE,NPP,VOTE BY MAIL,117090
RECEIVED TOO LATE,DEM,VOTE BY MAIL,117029
RECEIVED TOO LATE,REP,VOTE BY MAIL,114001
RECEIVED TOO LATE,REP,VOTE BY MAIL,103005
NON-MATCHING SIGNATURE,REP,VOTE BY MAIL,104002
RECEIVED TOO LATE,REP,VOTE BY MAIL,117112
RECEIVED TOO LATE,REP,VOTE BY MAIL,117090
NON-MATCHING SIGNATURE,DEM,VOTE BY MAIL,117038
NON-MATCHING SIGNATURE,REP,VOTE BY MAIL,117064
NON-MATCHING SIGNATURE,REP,VOTE BY MAIL,117001
RECEIVED TOO LATE,DEM,VOTE BY MAIL,128022
RECEIVED TOO LATE,DEM,VOTE BY MAIL,128001
RECEIVED TOO LATE,NPP,VOTE BY MAIL,115001
RECEIVED TOO LATE,REP,VOTE BY MAIL,115001
RECEIVED TOO LATE,REP,VOTE BY MAIL,117011
RECEIVED TOO LATE,REP,VOTE BY MAIL,105006
RECEIVED TOO LATE,REP,VOTE BY MAIL,105006
RECEIVED TOO LATE,REP,VOTE BY MAIL,108004
NON-MATCHING SIGNATURE,DEM,VOTE BY MAIL,117091
NON-MATCHING SIGNATURE,DEM,VOTE BY MAIL,121001
RECEIVED TOO LATE,REP,VOTE BY MAIL,128001
RECEIVED TOO LATE,REP,VOTE BY MAIL,117010
RECEIVED TOO LATE,DEM,VOTE BY MAIL,126008
RECEIVED TOO LATE,DEM,VOTE BY MAIL,128008
RECEIVED TOO LATE,REP,VOTE BY MAIL,117090
NON-MATCHING SIGNATURE,DEM,VOTE BY MAIL,117004
RECEIVED TOO LATE,NPP,VOTE BY MAIL,117009
NON-MATCHING SIGNATURE,DEM,VOTE BY MAIL,117112
RECEIVED TOO LATE,REP,VOTE BY MAIL,117029
RECEIVED TOO LATE,DEM,VOTE BY MAIL,128008
RECEIVED TOO LATE,AI,VOTE BY MAIL,129001
RECEIVED TOO LATE,DEM,VOTE BY MAIL,119001
RECEIVED TOO LATE,REP,VOTE BY MAIL,117009
RECEIVED TOO LATE,DEM,VOTE BY MAIL,128015
NON-MATCHING SIGNATURE,AI,VOTE BY MAIL,117014
RECEIVED TOO LATE,NPP,VOTE BY MAIL,124001
RECEIVED TOO LATE,NPP,VOTE BY MAIL,117112
NON-MATCHING SIGNATURE,REP,VOTE BY MAIL,126002
RECEIVED TOO LATE,REP,VOTE BY MAIL,128013
RECEIVED TOO LATE,REP,VOTE BY MAIL,126008
RECEIVED TOO LATE,REP,VOTE BY MAIL,103005
RECEIVED TOO LATE,REP,VOTE BY MAIL,103001
RECEIVED TOO LATE,REP,VOTE BY MAIL,117062
RECEIVED TOO LATE,DEM,VOTE BY MAIL,124003
RECEIVED TOO LATE,DEM,VOTE BY MAIL,128008
RECEIVED TOO LATE,DEM,VOTE BY MAIL,128015
RECEIVED TOO LATE,REP,VOTE BY MAIL,128013
RECEIVED TOO LATE,DEM,VOTE BY MAIL,128028
RECEIVED TOO LATE,REP,VOTE BY MAIL,117112
NON-MATCHING SIGNATURE,DEM,VOTE BY MAIL,108002
RECEIVED TOO LATE,DEM,VOTE BY MAIL,102001
RECEIVED TOO LATE,REP,VOTE BY MAIL,117009
NON-MATCHING SIGNATURE,DEM,VOTE BY MAIL,117064
RECEIVED TOO LATE,REP,VOTE BY MAIL,117072
RECEIVED TOO LATE,NPP,VOTE BY MAIL,128015
RECEIVED TOO LATE,REP,VOTE BY MAIL,121001
NON-MATCHING SIGNATURE,REP,VOTE BY MAIL,110008
RECEIVED TOO LATE,REP,VOTE BY MAIL,119001
NON-MATCHING SIGNATURE,DEM,VOTE BY MAIL,117064
RECEIVED TOO LATE,DEM,VOTE BY MAIL,121009
RECEIVED TOO LATE,DEM,VOTE BY MAIL,117010
RECEIVED TOO LATE,DEM,VOTE BY MAIL,117090
RECEIVED TOO LATE,REP,VOTE BY MAIL,106009
RECEIVED TOO LATE,REP,VOTE BY MAIL,103008
NON-MATCHING SIGNATURE,DEM,VOTE BY MAIL,107005
NON-MATCHING SIGNATURE,DEM,VOTE BY MAIL,117047
RECEIVED TOO LATE,DEM,VOTE BY MAIL,126001
RECEIVED TOO LATE,REP,VOTE BY MAIL,103009
RECEIVED TOO LATE,NPP,VOTE BY MAIL,128028
NON-MATCHING SIGNATURE,NPP,VOTE BY MAIL,106009
RECEIVED TOO LATE,DEM,VOTE BY MAIL,124003
RECEIVED TOO LATE,REP,VOTE BY MAIL,117112
RECEIVED TOO LATE,NPP,VOTE BY MAIL,117014
RECEIVED TOO LATE,NPP,VOTE BY MAIL,121003
RECEIVED TOO LATE,DEM,VOTE BY MAIL,126008
RECEIVED TOO LATE,REP,VOTE BY MAIL,117014
RECEIVED TOO LATE,REP,VOTE BY MAIL,117029
RECEIVED TOO LATE,REP,VOTE BY MAIL,103001
NON-MATCHING SIGNATURE,REP,VOTE BY MAIL,117062
RECEIVED TOO LATE,DEM,VOTE BY MAIL,128013
RECEIVED TOO LATE,REP,VOTE BY MAIL,117014
RECEIVED TOO LATE,DEM,VOTE BY MAIL,103005
RECEIVED TOO LATE,REP,VOTE BY MAIL,109004
RECEIVED TOO LATE,REP,VOTE BY MAIL,109004
RECEIVED TOO LATE,NPP,VOTE BY MAIL,117088
RECEIVED TOO LATE,NPP,VOTE BY MAIL,117080
RECEIVED TOO LATE,REP,VOTE BY MAIL,119001
RECEIVED TOO LATE,REP,VOTE BY MAIL,117004
RECEIVED TOO LATE,REP,VOTE BY MAIL,115001
RECEIVED TOO LATE,NPP,VOTE BY MAIL,117004
RECEIVED TOO LATE,REP,VOTE BY MAIL,102007
RECEIVED TOO LATE,NPP,VOTE BY MAIL,128005
RECEIVED TOO LATE,NPP,VOTE BY MAIL,117088
NON-MATCHING SIGNATURE,REP,VOTE BY MAIL,121001
RECEIVED TOO LATE,REP,VOTE BY MAIL,117104
RECEIVED TOO LATE,REP,VOTE BY MAIL,128022
RECEIVED TOO LATE,REP,VOTE BY MAIL,108004
RECEIVED TOO LATE,DEM,VOTE BY MAIL,117038
RECEIVED TOO LATE,NPP,VOTE BY MAIL,128028
RECEIVED TOO LATE,NPP,VOTE BY MAIL,128028
RECEIVED TOO LATE,DEM,VOTE BY MAIL,117002
RECEIVED TOO LATE,NPP,VOTE BY MAIL,110008
RECEIVED TOO LATE,REP,VOTE BY MAIL,105002
RECEIVED TOO LATE,DEM,VOTE BY MAIL,117010
RECEIVED TOO LATE,DEM,VOTE BY MAIL,117072
RECEIVED TOO LATE,DEM,VOTE BY MAIL,126002
RECEIVED TOO LATE,DEM,VOTE BY MAIL,124001
RECEIVED TOO LATE,NPP,VOTE BY MAIL,128028
RECEIVED TOO LATE,REP,VOTE BY MAIL,128013
RECEIVED TOO LATE,DEM,VOTE BY MAIL,114001
RECEIVED TOO LATE,AI,VOTE BY MAIL,115001
RECEIVED TOO LATE,REP,VOTE BY MAIL,117005
RECEIVED TOO LATE,REP,VOTE BY MAIL,128005
RECEIVED TOO LATE,DEM,VOTE BY MAIL,117002
RECEIVED TOO LATE,DEM,VOTE BY MAIL,117062
RECEIVED TOO LATE,DEM,VOTE BY MAIL,106009
RECEIVED TOO LATE,DEM,VOTE BY MAIL,117062
RECEIVED TOO LATE,REP,VOTE BY MAIL,117090
NON-MATCHING SIGNATURE,NPP,VOTE BY MAIL,128001
RECEIVED TOO LATE,DEM,VOTE BY MAIL,121003
NON-MATCHING SIGNATURE,DEM,VOTE BY MAIL,102012
RECEIVED TOO LATE,DEM,VOTE BY MAIL,117006
RECEIVED TOO LATE,AI,VOTE BY MAIL,121009
RECEIVED TOO LATE,REP,VOTE BY MAIL,126002
RECEIVED TOO LATE,DEM,VOTE BY MAIL,117011
NON-MATCHING SIGNATURE,LIB,VOTE BY MAIL,117080
NON-MATCHING SIGNATURE,REP,VOTE BY MAIL,124005
RECEIVED TOO LATE,REP,VOTE BY MAIL,124005
RECEIVED TOO LATE,REP,VOTE BY MAIL,111009
RECEIVED TOO LATE,DEM,VOTE BY MAIL,128022
RECEIVED TOO LATE,DEM,VOTE BY MAIL,128022
NON-MATCHING SIGNATURE,NPP,VOTE BY MAIL,128008
RECEIVED TOO LATE,DEM,VOTE BY MAIL,128022
RECEIVED TOO LATE,DEM,VOTE BY MAIL,112005
NON-MATCHING SIGNATURE,LIB,VOTE BY MAIL,103004
RECEIVED TOO LATE,DEM,VOTE BY MAIL,117090
RECEIVED TOO LATE,NPP,VOTE BY MAIL,121003
RECEIVED TOO LATE,REP,VOTE BY MAIL,117010
NON-MATCHING SIGNATURE,AI,VOTE BY MAIL,117088
RECEIVED TOO LATE,NPP,VOTE BY MAIL,128013
RECEIVED TOO LATE,NPP,VOTE BY MAIL,110008
RECEIVED TOO LATE,DEM,VOTE BY MAIL,126001
RECEIVED TOO LATE,REP,VOTE BY MAIL,105006
RECEIVED TOO LATE,DEM,VOTE BY MAIL,126008
RECEIVED TOO LATE,DEM,VOTE BY MAIL,103008
NON-MATCHING SIGNATURE,DEM,VOTE BY MAIL,117021
RECEIVED TOO LATE,DEM,VOTE BY MAIL,128008
RECEIVED TOO LATE,DEM,VOTE BY MAIL,119001
RECEIVED TOO LATE,DEM,VOTE BY MAIL,110001
RECEIVED TOO LATE,AI,VOTE BY MAIL,132002
RECEIVED TOO LATE,DEM,VOTE BY MAIL,103008
RECEIVED TOO LATE,DEM,VOTE BY MAIL,117010
RECEIVED TOO LATE,AI,VOTE BY MAIL,115001
NON-MATCHING SIGNATURE,DEM,VOTE BY MAIL,128007
NON-MATCHING SIGNATURE,DEM,VOTE BY MAIL,103008
RECEIVED TOO LATE,DEM,VOTE BY MAIL,126008
NON-MATCHING SIGNATURE,DEM,VOTE BY MAIL,121003
RECEIVED TOO LATE,REP,VOTE BY MAIL,114001
RECEIVED TOO LATE,DEM,VOTE BY MAIL,117004
RECEIVED TOO LATE,REP,VOTE BY MAIL,119001
RECEIVED TOO LATE,DEM,VOTE BY MAIL,103008
RECEIVED TOO LATE,NPP,VOTE BY MAIL,108001
RECEIVED TOO LATE,REP,VOTE BY MAIL,109004
RECEIVED TOO LATE,NPP,VOTE BY MAIL,128008
NON-MATCHING SIGNATURE,DEM,VOTE BY MAIL,126002
RECEIVED TOO LATE,REP,VOTE BY MAIL,126001
RECEIVED TOO LATE,REP,VOTE BY MAIL,128008
RECEIVED TOO LATE,NPP,VOTE BY MAIL,117029
RECEIVED TOO LATE,NPP,VOTE BY MAIL,117112
RECEIVED TOO LATE,NPP,VOTE BY MAIL,128008
RECEIVED TOO LATE,NPP,VOTE BY MAIL,117080
RECEIVED TOO LATE,NPP,VOTE BY MAIL,129001
RECEIVED TOO LATE,DEM,VOTE BY MAIL,103010
NON-MATCHING SIGNATURE,DEM,VOTE BY MAIL,103005
NON-MATCHING SIGNATURE,DEM,VOTE BY MAIL,117112
RECEIVED TOO LATE,DEM,VOTE BY MAIL,117014
RECEIVED TOO LATE,REP,VOTE BY MAIL,124005
RECEIVED TOO LATE,REP,VOTE BY MAIL,117001
RECEIVED TOO LATE,REP,VOTE BY MAIL,117112
NON-MATCHING SIGNATURE,NPP,VOTE BY MAIL,117005
RECEIVED TOO LATE,REP,VOTE BY MAIL,117059
RECEIVED TOO LATE,REP,VOTE BY MAIL,115001
RECEIVED TOO LATE,DEM,VOTE BY MAIL,124003
RECEIVED TOO LATE,REP,VOTE BY MAIL,128013
NO VOTER SIGNATURE,NPP,VOTE BY MAIL,117059
RECEIVED TOO LATE,DEM,VOTE BY MAIL,119001
RECEIVED TOO LATE,REP,VOTE BY MAIL,107005
RECEIVED TOO LATE,DEM,VOTE BY MAIL,129001
NON-MATCHING SIGNATURE,DEM,VOTE BY MAIL,103008
RECEIVED TOO LATE,REP,VOTE BY MAIL,107010
RECEIVED TOO LATE,DEM,VOTE BY MAIL,121009
NON-MATCHING SIGNATURE,NPP,VOTE BY MAIL,115001
RECEIVED TOO LATE,REP,VOTE BY MAIL,112005
RECEIVED TOO LATE,REP,VOTE BY MAIL,112005
RECEIVED TOO LATE,REP,VOTE BY MAIL,110001
RECEIVED TOO LATE,DEM,VOTE BY MAIL,117064
RECEIVED TOO LATE,DEM,VOTE BY MAIL,126001
RECEIVED TOO LATE,NPP,VOTE BY MAIL,128001
RECEIVED TOO LATE,DEM,VOTE BY MAIL,124005
RECEIVED TOO LATE,DEM,VOTE BY MAIL,117010
NON-MATCHING SIGNATURE,DEM,VOTE BY MAIL,103010
RECEIVED TOO LATE,DEM,VOTE BY MAIL,128028
RECEIVED TOO LATE,DEM,VOTE BY MAIL,117038
NON-MATCHING SIGNATURE,REP,VOTE BY MAIL,117021
NON-MATCHING SIGNATURE,REP,VOTE BY MAIL,119001
RECEIVED TOO LATE,NPP,VOTE BY MAIL,128028
RECEIVED TOO LATE,NPP,VOTE BY MAIL,106009
RECEIVED TOO LATE,AI,VOTE BY MAIL,103005
RECEIVED TOO LATE,DEM,VOTE BY MAIL,126001
RECEIVED TOO LATE,REP,VOTE BY MAIL,107005
RECEIVED TOO LATE,DEM,VOTE BY MAIL,101003
RECEIVED TOO LATE,REP,VOTE BY MAIL,128002
NON-MATCHING SIGNATURE,DEM,VOTE BY MAIL,126002
RECEIVED TOO LATE,NPP,VOTE BY MAIL,128028
RECEIVED TOO LATE,REP,VOTE BY MAIL,126001
RECEIVED TOO LATE,DEM,VOTE BY MAIL,117072
RECEIVED TOO LATE,DEM,VOTE BY MAIL,124005
NON-MATCHING SIGNATURE,NPP,VOTE BY MAIL,103008
NON-MATCHING SIGNATURE,NPP,VOTE BY MAIL,117004
RECEIVED TOO LATE,REP,VOTE BY MAIL,117059
RECEIVED TOO LATE,DEM,VOTE BY MAIL,117002
NON-MATCHING SIGNATURE,DEM,VOTE BY MAIL,117004
RECEIVED TOO LATE,DEM,VOTE BY MAIL,104002
NON-MATCHING SIGNATURE,REP,VOTE BY MAIL,103009
RECEIVED TOO LATE,REP,VOTE BY MAIL,117080
NON-MATCHING SIGNATURE,NPP,VOTE BY MAIL,117074
RECEIVED TOO LATE,DEM,VOTE BY MAIL,112005
RECEIVED TOO LATE,DEM,VOTE BY MAIL,124001
RECEIVED TOO LATE,NPP,VOTE BY MAIL,117021
RECEIVED TOO LATE,DEM,VOTE BY MAIL,117080
NON-MATCHING SIGNATURE,NPP,VOTE BY MAIL,128028
NON-MATCHING SIGNATURE,REP,VOTE BY MAIL,117088
RECEIVED TOO LATE,DEM,VOTE BY MAIL,117104
RECEIVED TOO LATE,REP,VOTE BY MAIL,117064
RECEIVED TOO LATE,DEM,VOTE BY MAIL,103008
NON-MATCHING SIGNATURE,REP,VOTE BY MAIL,112005
NON-MATCHING SIGNATURE,NPP,VOTE BY MAIL,117090
RECEIVED TOO LATE,DEM,VOTE BY MAIL,112005
RECEIVED TOO LATE,NPP,VOTE BY MAIL,103005
RECEIVED TOO LATE,NPP,VOTE BY MAIL,128015
RECEIVED TOO LATE,NPP,VOTE BY MAIL,103008
RECEIVED TOO LATE,DEM,VOTE BY MAIL,117014
NON-MATCHING SIGNATURE,DEM,VOTE BY MAIL,117088
RECEIVED TOO LATE,DEM,VOTE BY MAIL,117011
NON-MATCHING SIGNATURE,NPP,VOTE BY MAIL,128001
RECEIVED TOO LATE,REP,VOTE BY MAIL,110001
RECEIVED TOO LATE,DEM,VOTE BY MAIL,128001
RECEIVED TOO LATE,DEM,VOTE BY MAIL,128028
NON-MATCHING SIGNATURE,REP,VOTE BY MAIL,121003
NON-MATCHING SIGNATURE,DEM,VOTE BY MAIL,128022
RECEIVED TOO LATE,DEM,VOTE BY MAIL,117062
RECEIVED TOO LATE,REP,VOTE BY MAIL,117009
RECEIVED TOO LATE,REP,VOTE BY MAIL,117104
NON-MATCHING SIGNATURE,REP,VOTE BY MAIL,117112
RECEIVED TOO LATE,NPP,VOTE BY MAIL,128002
RECEIVED TOO LATE,DEM,VOTE BY MAIL,128005
NON-MATCHING SIGNATURE,DEM,VOTE BY MAIL,117014
RECEIVED TOO LATE,DEM,VOTE BY MAIL,117062
RECEIVED TOO LATE,AI,VOTE BY MAIL,124001
NON-MATCHING SIGNATURE,DEM,VOTE BY MAIL,128015
RECEIVED TOO LATE,DEM,VOTE BY MAIL,119001
RECEIVED TOO LATE,DEM,VOTE BY MAIL,128013
RECEIVED TOO LATE,NPP,VOTE BY MAIL,117004
RECEIVED TOO LATE,NPP,VOTE BY MAIL,128028
RECEIVED TOO LATE,REP,VOTE BY MAIL,117064
RECEIVED TOO LATE,REP,VOTE BY MAIL,105003
NON-MATCHING SIGNATURE,REP,VOTE BY MAIL,105002
RECEIVED TOO LATE,DEM,VOTE BY MAIL,117038
RECEIVED TOO LATE,DEM,VOTE BY MAIL,117112
RECEIVED TOO LATE,REP,VOTE BY MAIL,117090
RECEIVED TOO LATE,REP,VOTE BY MAIL,117062
NON-MATCHING SIGNATURE,REP,VOTE BY MAIL,128001
RECEIVED TOO LATE,REP,VOTE BY MAIL,121009
RECEIVED TOO LATE,DEM,VOTE BY MAIL,126008
RECEIVED TOO LATE,NPP,VOTE BY MAIL,117003
NON-MATCHING SIGNATURE,DEM,VOTE BY MAIL,106009
NON-MATCHING SIGNATURE,DEM,VOTE BY MAIL,112005
RECEIVED TOO LATE,DEM,VOTE BY MAIL,126001
RECEIVED TOO LATE,REP,VOTE BY MAIL,128015
RECEIVED TOO LATE,REP,VOTE BY MAIL,103009
RECEIVED TOO LATE,DEM,VOTE BY MAIL,128007
NON-MATCHING SIGNATURE,NPP,VOTE BY MAIL,117112
RECEIVED TOO LATE,NPP,VOTE BY MAIL,117010
RECEIVED TOO LATE,DEM,VOTE BY MAIL,117104
RECEIVED TOO LATE,AI,VOTE BY MAIL,117021
NON-MATCHING SIGNATURE,DEM,VOTE BY MAIL,124003
NON-MATCHING SIGNATURE,NPP,VOTE BY MAIL,104001
RECEIVED TOO LATE,NPP,VOTE BY MAIL,115001
NON-MATCHING SIGNATURE,AI,VOTE BY MAIL,117080
NON-MATCHING SIGNATURE,DEM,VOTE BY MAIL,117058
RECEIVED TOO LATE,NPP,VOTE BY MAIL,117009
NON-MATCHING SIGNATURE,REP,VOTE BY MAIL,103010
NON-MATCHING SIGNATURE,AI,VOTE BY MAIL,117064
RECEIVED TOO LATE,REP,VOTE BY MAIL,117029
RECEIVED TOO LATE,DEM,VOTE BY MAIL,117064
RECEIVED TOO LATE,DEM,VOTE BY MAIL,106009
RECEIVED TOO LATE,NPP,VOTE BY MAIL,121009
NON-MATCHING SIGNATURE,NPP,VOTE BY MAIL,117014
RECEIVED TOO LATE,DEM,VOTE BY MAIL,117064
RECEIVED TOO LATE,NPP,VOTE BY MAIL,109004
RECEIVED TOO LATE,NPP,VOTE BY MAIL,108002
RECEIVED TOO LATE,DEM,VOTE BY MAIL,128022
RECEIVED TOO LATE,DEM,VOTE BY MAIL,117090
NON-MATCHING SIGNATURE,NPP,VOTE BY MAIL,106009
RECEIVED TOO LATE,DEM,VOTE BY MAIL,117029
NON-MATCHING SIGNATURE,DEM,VOTE BY MAIL,124005
NON-MATCHING SIGNATURE,REP,VOTE BY MAIL,105002
NON-MATCHING SIGNATURE,REP,VOTE BY MAIL,103004
RECEIVED TOO LATE,REP,VOTE BY MAIL,103009
NON-MATCHING SIGNATURE,NPP,VOTE BY MAIL,117009
RECEIVED TOO LATE,DEM,VOTE BY MAIL,121009
RECEIVED TOO LATE,DEM,VOTE BY MAIL,117021
RECEIVED TOO LATE,DEM,VOTE BY MAIL,121009
RECEIVED TOO LATE,REP,VOTE BY MAIL,117002
RECEIVED TOO LATE,REP,VOTE BY MAIL,128008
RECEIVED TOO LATE,NPP,VOTE BY MAIL,119001
RECEIVED TOO LATE,NPP,VOTE BY MAIL,121009
RECEIVED TOO LATE,DEM,VOTE BY MAIL,124001
RECEIVED TOO LATE,NPP,VOTE BY MAIL,117003
RECEIVED TOO LATE,REP,VOTE BY MAIL,110008
RECEIVED TOO LATE,DEM,VOTE BY MAIL,103010
NON-MATCHING SIGNATURE,REP,VOTE BY MAIL,117091
NON-MATCHING SIGNATURE,DEM,VOTE BY MAIL,117006
RECEIVED TOO LATE,REP,VOTE BY MAIL,124005
NON-MATCHING SIGNATURE,AI,VOTE BY MAIL,108004
RECEIVED TOO LATE,REP,VOTE BY MAIL,108004
RECEIVED TOO LATE,REP,VOTE BY MAIL,115001
RECEIVED TOO LATE,DEM,VOTE BY MAIL,128028
RECEIVED TOO LATE,DEM,VOTE BY MAIL,124005
RECEIVED TOO LATE,REP,VOTE BY MAIL,105003
RECEIVED TOO LATE,DEM,VOTE BY MAIL,121003
NON-MATCHING SIGNATURE,DEM,VOTE BY MAIL,117090
RECEIVED TOO LATE,REP,VOTE BY MAIL,115001
RECEIVED TOO LATE,REP,VOTE BY MAIL,117059
RECEIVED TOO LATE,DEM,VOTE BY MAIL,114001
RECEIVED TOO LATE,DEM,VOTE BY MAIL,112003
RECEIVED TOO LATE,REP,VOTE BY MAIL,117112
NON-MATCHING SIGNATURE,DEM,VOTE BY MAIL,126002
RECEIVED TOO LATE,NPP,VOTE BY MAIL,117080
RECEIVED TOO LATE,AI,VOTE BY MAIL,128028
NON-MATCHING SIGNATURE,DEM,VOTE BY MAIL,126002
RECEIVED TOO LATE,REP,VOTE BY MAIL,128008
RECEIVED TOO LATE,REP,VOTE BY MAIL,117074
NON-MATCHING SIGNATURE,DEM,VOTE BY MAIL,128028
NON-MATCHING SIGNATURE,REP,VOTE BY MAIL,103008
NON-MATCHING SIGNATURE,REP,VOTE BY MAIL,128002
NON-MATCHING SIGNATURE,DEM,VOTE BY MAIL,104002
RECEIVED TOO LATE,REP,VOTE BY MAIL,103005
NON-MATCHING SIGNATURE,REP,VOTE BY MAIL,102012
NON-MATCHING SIGNATURE,DEM,VOTE BY MAIL,117003
RECEIVED TOO LATE,DEM,VOTE BY MAIL,117047
RECEIVED TOO LATE,DEM,VOTE BY MAIL,117001
RECEIVED TOO LATE,REP,VOTE BY MAIL,128013
RECEIVED TOO LATE,DEM,VOTE BY MAIL,119001
RECEIVED TOO LATE,NPP,VOTE BY MAIL,119001
NON-MATCHING SIGNATURE,AI,VOTE BY MAIL,113002
NON-MATCHING SIGNATURE,REP,VOTE BY MAIL,128028
RECEIVED TOO LATE,DEM,VOTE BY MAIL,106009
RECEIVED TOO LATE,REP,VOTE BY MAIL,128002
RECEIVED TOO LATE,REP,VOTE BY MAIL,121009
RECEIVED TOO LATE,REP,VOTE BY MAIL,106009
RECEIVED TOO LATE,REP,VOTE BY MAIL,128028
RECEIVED TOO LATE,REP,VOTE BY MAIL,128028
RECEIVED TOO LATE,DEM,VOTE BY MAIL,107010
RECEIVED TOO LATE,REP,VOTE BY MAIL,102001
RECEIVED TOO LATE,REP,VOTE BY MAIL,109004
RECEIVED TOO LATE,NPP,VOTE BY MAIL,108001
NON-MATCHING SIGNATURE,NPP,VOTE BY MAIL,103004
RECEIVED TOO LATE,DEM,VOTE BY MAIL,124001
RECEIVED TOO LATE,DEM,VOTE BY MAIL,126001
RECEIVED TOO LATE,DEM,VOTE BY MAIL,117064
NON-MATCHING SIGNATURE,NPP,VOTE BY MAIL,117010
RECEIVED TOO LATE,DEM,VOTE BY MAIL,126008
RECEIVED TOO LATE,DEM,VOTE BY MAIL,103004
RECEIVED TOO LATE,NPP,VOTE BY MAIL,106009
NON-MATCHING SIGNATURE,NPP,VOTE BY MAIL,102001
RECEIVED TOO LATE,DEM,VOTE BY MAIL,117001
RECEIVED TOO LATE,AI,VOTE BY MAIL,117005
RECEIVED TOO LATE,DEM,VOTE BY MAIL,124005
RECEIVED TOO LATE,NPP,VOTE BY MAIL,119001
RECEIVED TOO LATE,DEM,VOTE BY MAIL,103008
RECEIVED TOO LATE,DEM,VOTE BY MAIL,117002
NON-MATCHING SIGNATURE,DEM,VOTE BY MAIL,114001
RECEIVED TOO LATE,DEM,VOTE BY MAIL,117074
RECEIVED TOO LATE,REP,VOTE BY MAIL,108004
RECEIVED TOO LATE,DEM,VOTE BY MAIL,117064
NON-MATCHING SIGNATURE,DEM,VOTE BY MAIL,117038
RECEIVED TOO LATE,DEM,VOTE BY MAIL,121003
RECEIVED TOO LATE,DEM,VOTE BY MAIL,124001
RECEIVED TOO LATE,REP,VOTE BY MAIL,117047
NON-MATCHING SIGNATURE,DEM,VOTE BY MAIL,102007
RECEIVED TOO LATE,REP,VOTE BY MAIL,126002
NON-MATCHING SIGNATURE,REP,VOTE BY MAIL,105003
RECEIVED TOO LATE,REP,VOTE BY MAIL,126002
RECEIVED TOO LATE,DEM,VOTE BY MAIL,128002
RECEIVED TOO LATE,DEM,VOTE BY MAIL,124003
RECEIVED TOO LATE,DEM,VOTE BY MAIL,117090
NON-MATCHING SIGNATURE,DEM,VOTE BY MAIL,121003
RECEIVED TOO LATE,DEM,VOTE BY MAIL,106009
RECEIVED TOO LATE,NPP,VOTE BY MAIL,106009
NON-MATCHING SIGNATURE,NPP,VOTE BY MAIL,126008
RECEIVED TOO LATE,DEM,VOTE BY MAIL,117091
RECEIVED TOO LATE,DEM,VOTE BY MAIL,117001
NON-MATCHING SIGNATURE,DEM,VOTE BY MAIL,124005
RECEIVED TOO LATE,REP,VOTE BY MAIL,106009
NON-MATCHING SIGNATURE,DEM,VOTE BY MAIL,117058
NON-MATCHING SIGNATURE,DEM,VOTE BY MAIL,117005
NON-MATCHING SIGNATURE,REP,VOTE BY MAIL,117088
RECEIVED TOO LATE,DEM,VOTE BY MAIL,119001
NON-MATCHING SIGNATURE,REP,VOTE BY MAIL,104001
RECEIVED TOO LATE,DEM,VOTE BY MAIL,117112
RECEIVED TOO LATE,NPP,VOTE BY MAIL,121009
NON-MATCHING SIGNATURE,DEM,VOTE BY MAIL,102001
RECEIVED TOO LATE,REP,VOTE BY MAIL,112005
NON-MATCHING SIGNATURE,DEM,VOTE BY MAIL,117088
RECEIVED TOO LATE,NPP,VOTE BY MAIL,105002
RECEIVED TOO LATE,DEM,VOTE BY MAIL,117002
RECEIVED TOO LATE,NPP,VOTE BY MAIL,128008
NON-MATCHING SIGNATURE,DEM,VOTE BY MAIL,117004
NON-MATCHING SIGNATURE,DEM,VOTE BY MAIL,117104
RECEIVED TOO LATE,PF,VOTE BY MAIL,121009
RECEIVED TOO LATE,LIB,VOTE BY MAIL,110008
RECEIVED TOO LATE,NPP,VOTE BY MAIL,126001
RECEIVED TOO LATE,DEM,VOTE BY MAIL,117058
NON-MATCHING SIGNATURE,DEM,VOTE BY MAIL,103001
RECEIVED TOO LATE,REP,VOTE BY MAIL,129001
RECEIVED TOO LATE,NPP,VOTE BY MAIL,121003
RECEIVED TOO LATE,REP,VOTE BY MAIL,106009
NON-MATCHING SIGNATURE,DEM,VOTE BY MAIL,124001
RECEIVED TOO LATE,DEM,VOTE BY MAIL,117007
RECEIVED TOO LATE,NPP,VOTE BY MAIL,124005
RECEIVED TOO LATE,DEM,VOTE BY MAIL,108002
RECEIVED TOO LATE,NPP,VOTE BY MAIL,126002
RECEIVED TOO LATE,PF,VOTE BY MAIL,124003
NON-MATCHING SIGNATURE,DEM,VOTE BY MAIL,117004
NON-MATCHING SIGNATURE,NPP,VOTE BY MAIL,117064
NON-MATCHING SIGNATURE,DEM,VOTE BY MAIL,103001
NON-MATCHING SIGNATURE,DEM,VOTE BY MAIL,117001
RECEIVED TOO LATE,NPP,VOTE BY MAIL,103005
RECEIVED TOO LATE,DEM,VOTE BY MAIL,128008
NON-MATCHING SIGNATURE,DEM,VOTE BY MAIL,117038
NON-MATCHING SIGNATURE,NPP,VOTE BY MAIL,117006
NON-MATCHING SIGNATURE,DEM,VOTE BY MAIL,117006
RECEIVED TOO LATE,DEM,VOTE BY MAIL,102007
RECEIVED TOO LATE,REP,VOTE BY MAIL,115001
RECEIVED TOO LATE,DEM,VOTE BY MAIL,129001
RECEIVED TOO LATE,DEM,VOTE BY MAIL,121009
RECEIVED TOO LATE,DEM,VOTE BY MAIL,117004
RECEIVED TOO LATE,DEM,VOTE BY MAIL,117010
NO VOTER SIGNATURE,DEM,VOTE BY MAIL,117029
NON-MATCHING SIGNATURE,DEM,VOTE BY MAIL,121003
NON-MATCHING SIGNATURE,NPP,VOTE BY MAIL,117090
NON-MATCHING SIGNATURE,REP,VOTE BY MAIL,117091
RECEIVED TOO LATE,AI,VOTE BY MAIL,117088
NON-MATCHING SIGNATURE,REP,VOTE BY MAIL,121001
NON-MATCHING SIGNATURE,REP,VOTE BY MAIL,112005
NON-MATCHING SIGNATURE,NPP,VOTE BY MAIL,119001
NON-MATCHING SIGNATURE,REP,VOTE BY MAIL,110001
RECEIVED TOO LATE,NPP,VOTE BY MAIL,128008
NON-MATCHING SIGNATURE,DEM,VOTE BY MAIL,117001
RECEIVED TOO LATE,DEM,VOTE BY MAIL,128022
RECEIVED TOO LATE,REP,VOTE BY MAIL,102001
NON-MATCHING SIGNATURE,NPP,VOTE BY MAIL,129001
RECEIVED TOO LATE,DEM,VOTE BY MAIL,103005
RECEIVED TOO LATE,DEM,VOTE BY MAIL,117006
NON-MATCHING SIGNATURE,DEM,VOTE BY MAIL,128015
RECEIVED TOO LATE,DEM,VOTE BY MAIL,106009
RECEIVED TOO LATE,REP,VOTE BY MAIL,103005
RECEIVED TOO LATE,DEM,VOTE BY MAIL,117062
NON-MATCHING SIGNATURE,REP,VOTE BY MAIL,117090
RECEIVED TOO LATE,REP,VOTE BY MAIL,121003
RECEIVED TOO LATE,NPP,VOTE BY MAIL,103009
NON-MATCHING SIGNATURE,DEM,VOTE BY MAIL,126001
NON-MATCHING SIGNATURE,REP,VOTE BY MAIL,117064
RECEIVED TOO LATE,DEM,VOTE BY MAIL,103002
RECEIVED TOO LATE,REP,VOTE BY MAIL,128005
NON-MATCHING SIGNATURE,NPP,VOTE BY MAIL,117010
RECEIVED TOO LATE,REP,VOTE BY MAIL,126008
NON-MATCHING SIGNATURE,DEM,VOTE BY MAIL,117088
NON-MATCHING SIGNATURE,REP,VOTE BY MAIL,110001
RECEIVED TOO LATE,REP,VOTE BY MAIL,117059
RECEIVED TOO LATE,DEM,VOTE BY MAIL,128007
NON-MATCHING SIGNATURE,NPP,VOTE BY MAIL,102001
RECEIVED TOO LATE,DEM,VOTE BY MAIL,124001
RECEIVED TOO LATE,DEM,VOTE BY MAIL,128008
NON-MATCHING SIGNATURE,REP,VOTE BY MAIL,108001
NON-MATCHING SIGNATURE,DEM,VOTE BY MAIL,117007
RECEIVED TOO LATE,LIB,VOTE BY MAIL,117004
RECEIVED TOO LATE,AI,VOTE BY MAIL,103002
NON-MATCHING SIGNATURE,LIB,VOTE BY MAIL,121003
RECEIVED TOO LATE,DEM,VOTE BY MAIL,117090
RECEIVED TOO LATE,NPP,VOTE BY MAIL,117014
RECEIVED TOO LATE,NPP,VOTE BY MAIL,112005
RECEIVED TOO LATE,NPP,VOTE BY MAIL,129001
RECEIVED TOO LATE,AI,VOTE BY MAIL,117058
NON-MATCHING SIGNATURE,REP,VOTE BY MAIL,117014
NON-MATCHING SIGNATURE,LIB,VOTE BY MAIL,117006
NON-MATCHING SIGNATURE,DEM,VOTE BY MAIL,103010
RECEIVED TOO LATE,REP,VOTE BY MAIL,128028
RECEIVED TOO LATE,NPP,VOTE BY MAIL,117112
NON-MATCHING SIGNATURE,REP,VOTE BY MAIL,117038
RECEIVED TOO LATE,AI,VOTE BY MAIL,103008
NON-MATCHING SIGNATURE,REP,VOTE BY MAIL,117007
NON-MATCHING SIGNATURE,NPP,VOTE BY MAIL,106009
NON-MATCHING SIGNATURE,DEM,VOTE BY MAIL,128005
NON-MATCHING SIGNATURE,NPP,VOTE BY MAIL,117080
RECEIVED TOO LATE,NPP,VOTE BY MAIL,129001
RECEIVED TOO LATE,REP,VOTE BY MAIL,117010
NON-MATCHING SIGNATURE,REP,VOTE BY MAIL,117059
NON-MATCHING SIGNATURE,REP,VOTE BY MAIL,102007
RECEIVED TOO LATE,REP,VOTE BY MAIL,117014
RECEIVED TOO LATE,REP,VOTE BY MAIL,117014
RECEIVED TOO LATE,REP,VOTE BY MAIL,117002
NON-MATCHING SIGNATURE,REP,VOTE BY MAIL,117038
NON-MATCHING SIGNATURE,NPP,VOTE BY MAIL,103009
RECEIVED TOO LATE,DEM,VOTE BY MAIL,117059
RECEIVED TOO LATE,DEM,VOTE BY MAIL,110001
RECEIVED TOO LATE,REP,VOTE BY MAIL,105006
NON-MATCHING SIGNATURE,DEM,VOTE BY MAIL,117064
RECEIVED TOO LATE,AI,VOTE BY MAIL,117074
RECEIVED TOO LATE,DEM,VOTE BY MAIL,124005
RECEIVED TOO LATE,NPP,VOTE BY MAIL,132002
RECEIVED TOO LATE,REP,VOTE BY MAIL,117001
NON-MATCHING SIGNATURE,REP,VOTE BY MAIL,117090
RECEIVED TOO LATE,REP,VOTE BY MAIL,128015
RECEIVED TOO LATE,NPP,VOTE BY MAIL,121003
NO VOTER SIGNATURE,DEM,VOTE BY MAIL,124001
RECEIVED TOO LATE,DEM,VOTE BY MAIL,117003
RECEIVED TOO LATE,DEM,VOTE BY MAIL,124005
RECEIVED TOO LATE,NPP,VOTE BY MAIL,105003
RECEIVED TOO LATE,REP,VOTE BY MAIL,104001
NON-MATCHING SIGNATURE,DEM,VOTE BY MAIL,121003
RECEIVED TOO LATE,REP,VOTE BY MAIL,128013
NON-MATCHING SIGNATURE,AI,VOTE BY MAIL,117010
RECEIVED TOO LATE,NPP,VOTE BY MAIL,124003
NO VOTER SIGNATURE,DEM,VOTE BY MAIL,112005
NO VOTER SIGNATURE,DEM,VOTE BY MAIL,112005
NON-MATCHING SIGNATURE,DEM,VOTE BY MAIL,119001
RECEIVED TOO LATE,NPP,VOTE BY MAIL,106009
RECEIVED TOO LATE,DEM,VOTE BY MAIL,102007
RECEIVED TOO LATE,NPP,VOTE BY MAIL,117112
RECEIVED TOO LATE,NPP,VOTE BY MAIL,121009
RECEIVED TOO LATE,DEM,VOTE BY MAIL,117104
RECEIVED TOO LATE,DEM,VOTE BY MAIL,117091
RECEIVED TOO LATE,DEM,VOTE BY MAIL,124005
RECEIVED TOO LATE,NPP,VOTE BY MAIL,124005
RECEIVED TOO LATE,DEM,VOTE BY MAIL,105002
RECEIVED TOO LATE,REP,VOTE BY MAIL,103008
NON-MATCHING SIGNATURE,DEM,VOTE BY MAIL,126001
RECEIVED TOO LATE,REP,VOTE BY MAIL,102001
RECEIVED TOO LATE,REP,VOTE BY MAIL,105002
RECEIVED TOO LATE,REP,VOTE BY MAIL,108002
RECEIVED TOO LATE,NPP,VOTE BY MAIL,115001
RECEIVED TOO LATE,REP,VOTE BY MAIL,102007
RECEIVED TOO LATE,DEM,VOTE BY MAIL,117090
RECEIVED TOO LATE,DEM,VOTE BY MAIL,108002
NON-MATCHING SIGNATURE,REP,VOTE BY MAIL,117059
RECEIVED TOO LATE,REP,VOTE BY MAIL,102007
NON-MATCHING SIGNATURE,REP,VOTE BY MAIL,102001
RECEIVED TOO LATE,DEM,VOTE BY MAIL,103005
RECEIVED TOO LATE,NPP,VOTE BY MAIL,117021
RECEIVED TOO LATE,NPP,VOTE BY MAIL,128028
RECEIVED TOO LATE,NPP,VOTE BY MAIL,128028
RECEIVED TOO LATE,DEM,VOTE BY MAIL,117058
RECEIVED TOO LATE,REP,VOTE BY MAIL,128008
RECEIVED TOO LATE,DEM,VOTE BY MAIL,117038
RECEIVED TOO LATE,REP,VOTE BY MAIL,106009
RECEIVED TOO LATE,DEM,VOTE BY MAIL,117064
RECEIVED TOO LATE,REP,VOTE BY MAIL,124003
RECEIVED TOO LATE,DEM,VOTE BY MAIL,128002
NON-MATCHING SIGNATURE,GRN,VOTE BY MAIL,103009
RECEIVED TOO LATE,DEM,VOTE BY MAIL,117009
RECEIVED TOO LATE,DEM,VOTE BY MAIL,117011
RECEIVED TOO LATE,REP,VOTE BY MAIL,126002
NON-MATCHING SIGNATURE,DEM,VOTE BY MAIL,117004
NON-MATCHING SIGNATURE,NPP,VOTE BY MAIL,126008
RECEIVED TOO LATE,DEM,VOTE BY MAIL,126001
RECEIVED TOO LATE,DEM,VOTE BY MAIL,117011
RECEIVED TOO LATE,REP,VOTE BY MAIL,106009
RECEIVED TOO LATE,AI,VOTE BY MAIL,102003
NON-MATCHING SIGNATURE,DEM,VOTE BY MAIL,128022
RECEIVED TOO LATE,REP,VOTE BY MAIL,128022
NON-MATCHING SIGNATURE,NPP,VOTE BY MAIL,126001
RECEIVED TOO LATE,DEM,VOTE BY MAIL,128008
RECEIVED TOO LATE,DEM,VOTE BY MAIL,117002
NON-MATCHING SIGNATURE,DEM,VOTE BY MAIL,117029
NON-MATCHING SIGNATURE,DEM,VOTE BY MAIL,103004
NO VOTER SIGNATURE,REP,VOTE BY MAIL,126001
RECEIVED TOO LATE,DEM,VOTE BY MAIL,128028
RECEIVED TOO LATE,DEM,VOTE BY MAIL,121001
RECEIVED TOO LATE,DEM,VOTE BY MAIL,117059
RECEIVED TOO LATE,DEM,VOTE BY MAIL,117059
NON-MATCHING SIGNATURE,NPP,VOTE BY MAIL,117064
RECEIVED TOO LATE,REP,VOTE BY MAIL,128022
NON-MATCHING SIGNATURE,DEM,VOTE BY MAIL,117088
NON-MATCHING SIGNATURE,AI,VOTE BY MAIL,128028
RECEIVED TOO LATE,REP,VOTE BY MAIL,128013
RECEIVED TOO LATE,REP,VOTE BY MAIL,128013
RECEIVED TOO LATE,DEM,VOTE BY MAIL,107005
NON-MATCHING SIGNATURE,AI,VOTE BY MAIL,103002
RECEIVED TOO LATE,NPP,VOTE BY MAIL,114001
RECEIVED TOO LATE,REP,VOTE BY MAIL,117038
RECEIVED TOO LATE,NPP,VOTE BY MAIL,105002
RECEIVED TOO LATE,DEM,VOTE BY MAIL,128022
NON-MATCHING SIGNATURE,NPP,VOTE BY MAIL,103010
RECEIVED TOO LATE,DEM,VOTE BY MAIL,106009
RECEIVED TOO LATE,REP,VOTE BY MAIL,124003
RECEIVED TOO LATE,DEM,VOTE BY MAIL,117001
RECEIVED TOO LATE,DEM,VOTE BY MAIL,126008
RECEIVED TOO LATE,DEM,VOTE BY MAIL,103001
NON-MATCHING SIGNATURE,DEM,VOTE BY MAIL,106009
RECEIVED TOO LATE,DEM,VOTE BY MAIL,117090
NON-MATCHING SIGNATURE,DEM,VOTE BY MAIL,128001
NON-MATCHING SIGNATURE,NPP,VOTE BY MAIL,117059
RECEIVED TOO LATE,NPP,VOTE BY MAIL,106009
RECEIVED TOO LATE,DEM,VOTE BY MAIL,128001
RECEIVED TOO LATE,DEM,VOTE BY MAIL,117080
RECEIVED TOO LATE,DEM,VOTE BY MAIL,103001
RECEIVED TOO LATE,REP,VOTE BY MAIL,121009
RECEIVED TOO LATE,DEM,VOTE BY MAIL,126001
RECEIVED TOO LATE,NPP,VOTE BY MAIL,112005
RECEIVED TOO LATE,NPP,VOTE BY MAIL,112005
RECEIVED TOO LATE,REP,VOTE BY MAIL,112003
RECEIVED TOO LATE,REP,VOTE BY MAIL,117091
RECEIVED TOO LATE,DEM,VOTE BY MAIL,126001
RECEIVED TOO LATE,DEM,VOTE BY MAIL,117003
RECEIVED TOO LATE,DEM,VOTE BY MAIL,121003
NON-MATCHING SIGNATURE,DEM,VOTE BY MAIL,103005
RECEIVED TOO LATE,DEM,VOTE BY MAIL,102007
RECEIVED TOO LATE,REP,VOTE BY MAIL,117002
NON-MATCHING SIGNATURE,DEM,VOTE BY MAIL,128013
RECEIVED TOO LATE,REP,VOTE BY MAIL,128008
RECEIVED TOO LATE,DEM,VOTE BY MAIL,117011
NON-MATCHING SIGNATURE,DEM,VOTE BY MAIL,102007
NO VOTER SIGNATURE,DEM,VOTE BY MAIL,101003
RECEIVED TOO LATE,DEM,VOTE BY MAIL,109004
RECEIVED TOO LATE,DEM,VOTE BY MAIL,109004
RECEIVED TOO LATE,DEM,VOTE BY MAIL,117003
NON-MATCHING SIGNATURE,NPP,VOTE BY MAIL,115001
NON-MATCHING SIGNATURE,NPP,VOTE BY MAIL,117064
RECEIVED TOO LATE,DEM,VOTE BY MAIL,103009
RECEIVED TOO LATE,DEM,VOTE BY MAIL,117010
RECEIVED TOO LATE,DEM,VOTE BY MAIL,117029
NON-MATCHING SIGNATURE,DEM,VOTE BY MAIL,117006
NON-MATCHING SIGNATURE,NPP,VOTE BY MAIL,123001
RECEIVED TOO LATE,NPP,VOTE BY MAIL,117011
NON-MATCHING SIGNATURE,REP,VOTE BY MAIL,128015
RECEIVED TOO LATE,DEM,VOTE BY MAIL,117005
NON-MATCHING SIGNATURE,REP,VOTE BY MAIL,117038
RECEIVED TOO LATE,DEM,VOTE BY MAIL,121003
NON-MATCHING SIGNATURE,DEM,VOTE BY MAIL,117059
RECEIVED TOO LATE,DEM,VOTE BY MAIL,117010
NON-MATCHING SIGNATURE,DEM,VOTE BY MAIL,112005
RECEIVED TOO LATE,DEM,VOTE BY MAIL,117003
RECEIVED TOO LATE,REP,VOTE BY MAIL,105002
RECEIVED TOO LATE,DEM,VOTE BY MAIL,117014
NON-MATCHING SIGNATURE,NPP,VOTE BY MAIL,117074
NON-MATCHING SIGNATURE,REP,VOTE BY MAIL,128002
RECEIVED TOO LATE,REP,VOTE BY MAIL,119001
RECEIVED TOO LATE,REP,VOTE BY MAIL,115001
RECEIVED TOO LATE,REP,VOTE BY MAIL,117038
RECEIVED TOO LATE,DEM,VOTE BY MAIL,124003
RECEIVED TOO LATE,DEM,VOTE BY MAIL,117006
RECEIVED TOO LATE,DEM,VOTE BY MAIL,117003
NON-MATCHING SIGNATURE,REP,VOTE BY MAIL,117003
NON-MATCHING SIGNATURE,AI,VOTE BY MAIL,128008
NON-MATCHING SIGNATURE,REP,VOTE BY MAIL,119001
NO VOTER SIGNATURE,REP,VOTE BY MAIL,128005
RECEIVED TOO LATE,DEM,VOTE BY MAIL,117064
RECEIVED TOO LATE,NPP,VOTE BY MAIL,117064
RECEIVED TOO LATE,DEM,VOTE BY MAIL,103008
RECEIVED TOO LATE,DEM,VOTE BY MAIL,103008
NON-MATCHING SIGNATURE,DEM,VOTE BY MAIL,117004
RECEIVED TOO LATE,DEM,VOTE BY MAIL,128022
RECEIVED TOO LATE,NPP,VOTE BY MAIL,117047
NON-MATCHING SIGNATURE,DEM,VOTE BY MAIL,112005
NON-MATCHING SIGNATURE,REP,VOTE BY MAIL,103002
RECEIVED TOO LATE,DEM,VOTE BY MAIL,107005
NON-MATCHING SIGNATURE,REP,VOTE BY MAIL,103004
NON-MATCHING SIGNATURE,REP,VOTE BY MAIL,117047
NON-MATCHING SIGNATURE,DEM,VOTE BY MAIL,126008
NON-MATCHING SIGNATURE,LIB,VOTE BY MAIL,128015
NON-MATCHING SIGNATURE,NPP,VOTE BY MAIL,128015
NON-MATCHING SIGNATURE,NPP,VOTE BY MAIL,117047
RECEIVED TOO LATE,REP,VOTE BY MAIL,124005
NON-MATCHING SIGNATURE,REP,VOTE BY MAIL,117090
NON-MATCHING SIGNATURE,DEM,VOTE BY MAIL,110001
RECEIVED TOO LATE,DEM,VOTE BY MAIL,103001
NON-MATCHING SIGNATURE,REP,VOTE BY MAIL,126001
RECEIVED TOO LATE,NPP,VOTE BY MAIL,128001
RECEIVED TOO LATE,REP,VOTE BY MAIL,106009
RECEIVED TOO LATE,DEM,VOTE BY MAIL,105002
RECEIVED TOO LATE,LIB,VOTE BY MAIL,117004
NON-MATCHING SIGNATURE,REP,VOTE BY MAIL,126002
RECEIVED TOO LATE,AI,VOTE BY MAIL,112005
NON-MATCHING SIGNATURE,DEM,VOTE BY MAIL,128013
RECEIVED TOO LATE,DEM,VOTE BY MAIL,117104
NON-MATCHING SIGNATURE,DEM,VOTE BY MAIL,126008
RECEIVED TOO LATE,REP,VOTE BY MAIL,117080
RECEIVED TOO LATE,DEM,VOTE BY MAIL,128008
NON-MATCHING SIGNATURE,NPP,VOTE BY MAIL,128001
NON-MATCHING SIGNATURE,DEM,VOTE BY MAIL,128013
RECEIVED TOO LATE,REP,VOTE BY MAIL,117064
RECEIVED TOO LATE,DEM,VOTE BY MAIL,117059
NON-MATCHING SIGNATURE,REP,VOTE BY MAIL,117058
RECEIVED TOO LATE,REP,VOTE BY MAIL,121009
RECEIVED TOO LATE,DEM,VOTE BY MAIL,126008
NON-MATCHING SIGNATURE,NPP,VOTE BY MAIL,102003
RECEIVED TOO LATE,DEM,VOTE BY MAIL,126002
NON-MATCHING SIGNATURE,DEM,VOTE BY MAIL,103002
RECEIVED TOO LATE,REP,VOTE BY MAIL,126002
RECEIVED TOO LATE,DEM,VOTE BY MAIL,128007
RECEIVED TOO LATE,NPP,VOTE BY MAIL,128001
RECEIVED TOO LATE,DEM,VOTE BY MAIL,128001
NON-MATCHING SIGNATURE,DEM,VOTE BY MAIL,103010
RECEIVED TOO LATE,REP,VOTE BY MAIL,103008
RECEIVED TOO LATE,REP,VOTE BY MAIL,124001
RECEIVED TOO LATE,DEM,VOTE BY MAIL,124005
RECEIVED TOO LATE,NPP,VOTE BY MAIL,128007
RECEIVED TOO LATE,DEM,VOTE BY MAIL,128007
RECEIVED TOO LATE,REP,VOTE BY MAIL,110001
RECEIVED TOO LATE,DEM,VOTE BY MAIL,128005
RECEIVED TOO LATE,REP,VOTE BY MAIL,117005
RECEIVED TOO LATE,REP,VOTE BY MAIL,117014
NON-MATCHING SIGNATURE,DEM,VOTE BY MAIL,117064
RECEIVED TOO LATE,REP,VOTE BY MAIL,128013
NON-MATCHING SIGNATURE,DEM,VOTE BY MAIL,102007
RECEIVED TOO LATE,DEM,VOTE BY MAIL,117080
RECEIVED TOO LATE,NPP,VOTE BY MAIL,117090
RECEIVED TOO LATE,NPP,VOTE BY MAIL,106009
RECEIVED TOO LATE,NPP,VOTE BY MAIL,117080
NON-MATCHING SIGNATURE,LIB,VOTE BY MAIL,126001
RECEIVED TOO LATE,REP,VOTE BY MAIL,117072
NON-MATCHING SIGNATURE,REP,VOTE BY MAIL,117059
RECEIVED TOO LATE,NPP,VOTE BY MAIL,117003
RECEIVED TOO LATE,NPP,VOTE BY MAIL,128001
RECEIVED TOO LATE,REP,VOTE BY MAIL,124005
RECEIVED TOO LATE,NPP,VOTE BY MAIL,106009
NON-MATCHING SIGNATURE,REP,VOTE BY MAIL,105002
RECEIVED TOO LATE,REP,VOTE BY MAIL,108004
RECEIVED TOO LATE,DEM,VOTE BY MAIL,121009
RECEIVED TOO LATE,DEM,VOTE BY MAIL,117047
NON-MATCHING SIGNATURE,DEM,VOTE BY MAIL,102007
RECEIVED TOO LATE,REP,VOTE BY MAIL,129001
RECEIVED TOO LATE,DEM,VOTE BY MAIL,121001
RECEIVED TOO LATE,REP,VOTE BY MAIL,117064
RECEIVED TOO LATE,NPP,VOTE BY MAIL,128002
RECEIVED TOO LATE,REP,VOTE BY MAIL,128013
RECEIVED TOO LATE,REP,VOTE BY MAIL,117091
NON-MATCHING SIGNATURE,NPP,VOTE BY MAIL,126008
NON-MATCHING SIGNATURE,DEM,VOTE BY MAIL,126001
NON-MATCHING SIGNATURE,AI,VOTE BY MAIL,109004
RECEIVED TOO LATE,REP,VOTE BY MAIL,117005
RECEIVED TOO LATE,DEM,VOTE BY MAIL,106009
NON-MATCHING SIGNATURE,NPP,VOTE BY MAIL,117021
NON-MATCHING SIGNATURE,REP,VOTE BY MAIL,128005
RECEIVED TOO LATE,REP,VOTE BY MAIL,117091
NON-MATCHING SIGNATURE,AI,VOTE BY MAIL,106009
NON-MATCHING SIGNATURE,NPP,VOTE BY MAIL,121001
NON-MATCHING SIGNATURE,DEM,VOTE BY MAIL,117011
NON-MATCHING SIGNATURE,REP,VOTE BY MAIL,103010
RECEIVED TOO LATE,NPP,VOTE BY MAIL,117064
NON-MATCHING SIGNATURE,AI,VOTE BY MAIL,117047
NON-MATCHING SIGNATURE,DEM,VOTE BY MAIL,121001
RECEIVED TOO LATE,REP,VOTE BY MAIL,128008
RECEIVED TOO LATE,REP,VOTE BY MAIL,103005
NON-MATCHING SIGNATURE,NPP,VOTE BY MAIL,112003
RECEIVED TOO LATE,DEM,VOTE BY MAIL,128005
RECEIVED TOO LATE,REP,VOTE BY MAIL,117014
RECEIVED TOO LATE,DEM,VOTE BY MAIL,121003
NON-MATCHING SIGNATURE,DEM,VOTE BY MAIL,117003
RECEIVED TOO LATE,REP,VOTE BY MAIL,132002
RECEIVED TOO LATE,NPP,VOTE BY MAIL,103010
NON-MATCHING SIGNATURE,DEM,VOTE BY MAIL,128022
RECEIVED TOO LATE,DEM,VOTE BY MAIL,117021
RECEIVED TOO LATE,NPP,VOTE BY MAIL,124001
NON-MATCHING SIGNATURE,DEM,VOTE BY MAIL,121001
RECEIVED TOO LATE,REP,VOTE BY MAIL,103009
NON-MATCHING SIGNATURE,DEM,VOTE BY MAIL,129001
RECEIVED TOO LATE,DEM,VOTE BY MAIL,102007
NON-MATCHING SIGNATURE,DEM,VOTE BY MAIL,128015
RECEIVED TOO LATE,DEM,VOTE BY MAIL,117064
RECEIVED TOO LATE,NPP,VOTE BY MAIL,117004
RECEIVED TOO LATE,DEM,VOTE BY MAIL,128007
NON-MATCHING SIGNATURE,DEM,VOTE BY MAIL,128028
RECEIVED TOO LATE,DEM,VOTE BY MAIL,121009
RECEIVED TOO LATE,REP,VOTE BY MAIL,128002
RECEIVED TOO LATE,REP,VOTE BY MAIL,103008
NON-MATCHING SIGNATURE,REP,VOTE BY MAIL,132002
RECEIVED TOO LATE,DEM,VOTE BY MAIL,128008
RECEIVED TOO LATE,DEM,VOTE BY MAIL,128015
NON-MATCHING SIGNATURE,DEM,VOTE BY MAIL,117062
NON-MATCHING SIGNATURE,REP,VOTE BY MAIL,128022
RECEIVED TOO LATE,DEM,VOTE BY MAIL,128028
NON-MATCHING SIGNATURE,DEM,VOTE BY MAIL,128013
NON-MATCHING SIGNATURE,REP,VOTE BY MAIL,117038
RECEIVED TOO LATE,REP,VOTE BY MAIL,121001
RECEIVED TOO LATE,DEM,VOTE BY MAIL,124001
NON-MATCHING SIGNATURE,DEM,VOTE BY MAIL,128001
RECEIVED TOO LATE,REP,VOTE BY MAIL,128013
RECEIVED TOO LATE,DEM,VOTE BY MAIL,102003
RECEIVED TOO LATE,REP,VOTE BY MAIL,121001
NON-MATCHING SIGNATURE,NPP,VOTE BY MAIL,110008
NON-MATCHING SIGNATURE,NPP,VOTE BY MAIL,103004
RECEIVED TOO LATE,REP,VOTE BY MAIL,103010
NON-MATCHING SIGNATURE,DEM,VOTE BY MAIL,117058
NON-MATCHING SIGNATURE,NPP,VOTE BY MAIL,128013
RECEIVED TOO LATE,DEM,VOTE BY MAIL,103010
RECEIVED TOO LATE,DEM,VOTE BY MAIL,110008
NON-MATCHING SIGNATURE,DEM,VOTE BY MAIL,126001
NON-MATCHING SIGNATURE,DEM,VOTE BY MAIL,126002
RECEIVED TOO LATE,NPP,VOTE BY MAIL,117004
RECEIVED TOO LATE,REP,VOTE BY MAIL,121003
NON-MATCHING SIGNATURE,REP,VOTE BY MAIL,117090
RECEIVED TOO LATE,REP,VOTE BY MAIL,112005
RECEIVED TOO LATE,DEM,VOTE BY MAIL,117112
NON-MATCHING SIGNATURE,NPP,VOTE BY MAIL,117004
RECEIVED TOO LATE,NPP,VOTE BY MAIL,117112
NO VOTER SIGNATURE,REP,VOTE BY MAIL,126008
RECEIVED TOO LATE,DEM,VOTE BY MAIL,117010
NON-MATCHING SIGNATURE,NPP,VOTE BY MAIL,128013
RECEIVED TOO LATE,DEM,VOTE BY MAIL,124005
RECEIVED TOO LATE,REP,VOTE BY MAIL,110001
NON-MATCHING SIGNATURE,NPP,VOTE BY MAIL,128015
RECEIVED TOO LATE,REP,VOTE BY MAIL,117001
NON-MATCHING SIGNATURE,REP,VOTE BY MAIL,117072
NON-MATCHING SIGNATURE,NPP,VOTE BY MAIL,117064
NON-MATCHING SIGNATURE,NPP,VOTE BY MAIL,121001
NON-MATCHING SIGNATURE,AI,VOTE BY MAIL,124005
RECEIVED TOO LATE,NPP,VOTE BY MAIL,128007
RECEIVED TOO LATE,DEM,VOTE BY MAIL,128002
RECEIVED TOO LATE,DEM,VOTE BY MAIL,104001
NON-MATCHING SIGNATURE,DEM,VOTE BY MAIL,128001
RECEIVED TOO LATE,REP,VOTE BY MAIL,108004
RECEIVED TOO LATE,DEM,VOTE BY MAIL,128005
RECEIVED TOO LATE,REP,VOTE BY MAIL,128013
NON-MATCHING SIGNATURE,PF,VOTE BY MAIL,117064
NON-MATCHING SIGNATURE,DEM,VOTE BY MAIL,103002
RECEIVED TOO LATE,DEM,VOTE BY MAIL,117029
RECEIVED TOO LATE,DEM,VOTE BY MAIL,117006
RECEIVED TOO LATE,DEM,VOTE BY MAIL,126008
RECEIVED TOO LATE,DEM,VOTE BY MAIL,126008
RECEIVED TOO LATE,NPP,VOTE BY MAIL,117014
NON-MATCHING SIGNATURE,DEM,VOTE BY MAIL,126001
RECEIVED TOO LATE,REP,VOTE BY MAIL,117112
NON-MATCHING SIGNATURE,REP,VOTE BY MAIL,126001
NON-MATCHING SIGNATURE,DEM,VOTE BY MAIL,117112
NON-MATCHING SIGNATURE,DEM,VOTE BY MAIL,128001
NON-MATCHING SIGNATURE,REP,VOTE BY MAIL,117088
RECEIVED TOO LATE,DEM,VOTE BY MAIL,124003
RECEIVED TOO LATE,DEM,VOTE BY MAIL,124003
RECEIVED TOO LATE,NPP,VOTE BY MAIL,117064
RECEIVED TOO LATE,REP,VOTE BY MAIL,117014
RECEIVED TOO LATE,DEM,VOTE BY MAIL,117010
NON-MATCHING SIGNATURE,REP,VOTE BY MAIL,117002
NON-MATCHING SIGNATURE,REP,VOTE BY MAIL,121001
RECEIVED TOO LATE,DEM,VOTE BY MAIL,117014
RECEIVED TOO LATE,REP,VOTE BY MAIL,105006
RECEIVED TOO LATE,NPP,VOTE BY MAIL,108002
RECEIVED TOO LATE,AI,VOTE BY MAIL,128015
RECEIVED TOO LATE,DEM,VOTE BY MAIL,121001
NO VOTER SIGNATURE,NPP,VOTE BY MAIL,128028
RECEIVED TOO LATE,AI,VOTE BY MAIL,106009
RECEIVED TOO LATE,DEM,VOTE BY MAIL,117059
NON-MATCHING SIGNATURE,AI,VOTE BY MAIL,124001
NON-MATCHING SIGNATURE,PF,VOTE BY MAIL,128001
NON-MATCHING SIGNATURE,NPP,VOTE BY MAIL,128001
RECEIVED TOO LATE,REP,VOTE BY MAIL,108001
RECEIVED TOO LATE,DEM,VOTE BY MAIL,121003
RECEIVED TOO LATE,DEM,VOTE BY MAIL,117062
RECEIVED TOO LATE,REP,VOTE BY MAIL,102001
NON-MATCHING SIGNATURE,REP,VOTE BY MAIL,117091
RECEIVED TOO LATE,PF,VOTE BY MAIL,103004
RECEIVED TOO LATE,DEM,VOTE BY MAIL,103001
NON-MATCHING SIGNATURE,NPP,VOTE BY MAIL,108002
NON-MATCHING SIGNATURE,REP,VOTE BY MAIL,121009
RECEIVED TOO LATE,DEM,VOTE BY MAIL,124005
NON-MATCHING SIGNATURE,DEM,VOTE BY MAIL,103001
RECEIVED TOO LATE,NPP,VOTE BY MAIL,117014
RECEIVED TOO LATE,NPP,VOTE BY MAIL,121009
RECEIVED TOO LATE,DEM,VOTE BY MAIL,117011
RECEIVED TOO LATE,AI,VOTE BY MAIL,117090
RECEIVED TOO LATE,NPP,VOTE BY MAIL,103002
RECEIVED TOO LATE,DEM,VOTE BY MAIL,103004
RECEIVED TOO LATE,NPP,VOTE BY MAIL,103010
RECEIVED TOO LATE,NPP,VOTE BY MAIL,117002
RECEIVED TOO LATE,DEM,VOTE BY MAIL,121009
NON-MATCHING SIGNATURE,REP,VOTE BY MAIL,117112
RECEIVED TOO LATE,NPP,VOTE BY MAIL,117004
NON-MATCHING SIGNATURE,NPP,VOTE BY MAIL,117062
RECEIVED TOO LATE,DEM,VOTE BY MAIL,117003
RECEIVED TOO LATE,NPP,VOTE BY MAIL,121009
NON-MATCHING SIGNATURE,DEM,VOTE BY MAIL,108002
NON-MATCHING SIGNATURE,DEM,VOTE BY MAIL,102002
RECEIVED TOO LATE,REP,VOTE BY MAIL,128005
RECEIVED TOO LATE,DEM,VOTE BY MAIL,117038
RECEIVED TOO LATE,DEM,VOTE BY MAIL,126001
RECEIVED TOO LATE,NPP,VOTE BY MAIL,119001
NON-MATCHING SIGNATURE,NPP,VOTE BY MAIL,112005
NON-MATCHING SIGNATURE,NPP,VOTE BY MAIL,126008
NON-MATCHING SIGNATURE,DEM,VOTE BY MAIL,103005
RECEIVED TOO LATE,DEM,VOTE BY MAIL,128028
RECEIVED TOO LATE,DEM,VOTE BY MAIL,128028
RECEIVED TOO LATE,REP,VOTE BY MAIL,117007
RECEIVED TOO LATE,NPP,VOTE BY MAIL,108004
NON-MATCHING SIGNATURE,AI,VOTE BY MAIL,117090
NON-MATCHING SIGNATURE,NPP,VOTE BY MAIL,117029
RECEIVED TOO LATE,NPP,VOTE BY MAIL,117064
RECEIVED TOO LATE,NPP,VOTE BY MAIL,117064
RECEIVED TOO LATE,NPP,VOTE BY MAIL,117064
NON-MATCHING SIGNATURE,REP,VOTE BY MAIL,117088
NON-MATCHING SIGNATURE,DEM,VOTE BY MAIL,126008
RECEIVED TOO LATE,LIB,VOTE BY MAIL,126008
RECEIVED TOO LATE,REP,VOTE BY MAIL,117090
NON-MATCHING SIGNATURE,REP,VOTE BY MAIL,103005
NON-MATCHING SIGNATURE,REP,VOTE BY MAIL,103001
RECEIVED TOO LATE,NPP,VOTE BY MAIL,128028
RECEIVED TOO LATE,DEM,VOTE BY MAIL,117009
RECEIVED TOO LATE,REP,VOTE BY MAIL,117064
NON-MATCHING SIGNATURE,DEM,VOTE BY MAIL,117059
RECEIVED TOO LATE,REP,VOTE BY MAIL,121009
RECEIVED TOO LATE,DEM,VOTE BY MAIL,105006
RECEIVED TOO LATE,REP,VOTE BY MAIL,128008
RECEIVED TOO LATE,NPP,VOTE BY MAIL,103002
RECEIVED TOO LATE,DEM,VOTE BY MAIL,128013
RECEIVED TOO LATE,REP,VOTE BY MAIL,128005
NON-MATCHING SIGNATURE,NPP,VOTE BY MAIL,121009
RECEIVED TOO LATE,REP,VOTE BY MAIL,106009
RECEIVED TOO LATE,DEM,VOTE BY MAIL,117064
RECEIVED TOO LATE,DEM,VOTE BY MAIL,128008
NON-MATCHING SIGNATURE,DEM,VOTE BY MAIL,117001
NON-MATCHING SIGNATURE,NPP,VOTE BY MAIL,117014
RECEIVED TOO LATE,NPP,VOTE BY MAIL,117064
RECEIVED TOO LATE,REP,VOTE BY MAIL,119001
RECEIVED TOO LATE,REP,VOTE BY MAIL,106009
NON-MATCHING SIGNATURE,DEM,VOTE BY MAIL,112005
RECEIVED TOO LATE,NPP,VOTE BY MAIL,117058
RECEIVED TOO LATE,DEM,VOTE BY MAIL,117090
RECEIVED TOO LATE,REP,VOTE BY MAIL,117104
RECEIVED TOO LATE,DEM,VOTE BY MAIL,117058
RECEIVED TOO LATE,REP,VOTE BY MAIL,129001
RECEIVED TOO LATE,DEM,VOTE BY MAIL,103002
RECEIVED TOO LATE,DEM,VOTE BY MAIL,117112
RECEIVED TOO LATE,DEM,VOTE BY MAIL,121001
NON-MATCHING SIGNATURE,NPP,VOTE BY MAIL,102002
RECEIVED TOO LATE,REP,VOTE BY MAIL,117090
NON-MATCHING SIGNATURE,NPP,VOTE BY MAIL,117003
RECEIVED TOO LATE,LIB,VOTE BY MAIL,128015
NON-MATCHING SIGNATURE,DEM,VOTE BY MAIL,128005
RECEIVED TOO LATE,LIB,VOTE BY MAIL,108001
RECEIVED TOO LATE,DEM,VOTE BY MAIL,105002
NON-MATCHING SIGNATURE,DEM,VOTE BY MAIL,117006
RECEIVED TOO LATE,REP,VOTE BY MAIL,117064
RECEIVED TOO LATE,DEM,VOTE BY MAIL,117062
RECEIVED TOO LATE,DEM,VOTE BY MAIL,117064
RECEIVED TOO LATE,DEM,VOTE BY MAIL,126001
RECEIVED TOO LATE,DEM,VOTE BY MAIL,124005
RECEIVED TOO LATE,DEM,VOTE BY MAIL,117005
NON-MATCHING SIGNATURE,DEM,VOTE BY MAIL,117004
NON-MATCHING SIGNATURE,REP,VOTE BY MAIL,128015
RECEIVED TOO LATE,DEM,VOTE BY MAIL,110001
NON-MATCHING SIGNATURE,REP,VOTE BY MAIL,115001
NON-MATCHING SIGNATURE,NPP,VOTE BY MAIL,102007
RECEIVED TOO LATE,DEM,VOTE BY MAIL,128013
RECEIVED TOO LATE,REP,VOTE BY MAIL,117011
NON-MATCHING SIGNATURE,DEM,VOTE BY MAIL,117038
NON-MATCHING SIGNATURE,DEM,VOTE BY MAIL,117064
NON-MATCHING SIGNATURE,REP,VOTE BY MAIL,128015
RECEIVED TOO LATE,DEM,VOTE BY MAIL,128008
RECEIVED TOO LATE,REP,VOTE BY MAIL,102001
NON-MATCHING SIGNATURE,DEM,VOTE BY MAIL,117014
RECEIVED TOO LATE,REP,VOTE BY MAIL,106009
NON-MATCHING SIGNATURE,DEM,VOTE BY MAIL,126002
NON-MATCHING SIGNATURE,REP,VOTE BY MAIL,117090
RECEIVED TOO LATE,DEM,VOTE BY MAIL,117104
NON-MATCHING SIGNATURE,NPP,VOTE BY MAIL,108004
NON-MATCHING SIGNATURE,REP,VOTE BY MAIL,117074
NON-MATCHING SIGNATURE,DEM,VOTE BY MAIL,117059
NON-MATCHING SIGNATURE,NPP,VOTE BY MAIL,128013
NON-MATCHING SIGNATURE,REP,VOTE BY MAIL,117072
NON-MATCHING SIGNATURE,NPP,VOTE BY MAIL,117047
RECEIVED TOO LATE,REP,VOTE BY MAIL,128002
RECEIVED TOO LATE,NPP,VOTE BY MAIL,117006
NON-MATCHING SIGNATURE,NPP,VOTE BY MAIL,107010
RECEIVED TOO LATE,DEM,VOTE BY MAIL,102007
RECEIVED TOO LATE,DEM,VOTE BY MAIL,106001
RECEIVED TOO LATE,DEM,VOTE BY MAIL,117064
RECEIVED TOO LATE,REP,VOTE BY MAIL,117112
NON-MATCHING SIGNATURE,NPP,VOTE BY MAIL,128022
NON-MATCHING SIGNATURE,NPP,VOTE BY MAIL,117029
NON-MATCHING SIGNATURE,REP,VOTE BY MAIL,117058
NON-MATCHING SIGNATURE,AI,VOTE BY MAIL,121001
NON-MATCHING SIGNATURE,REP,VOTE BY MAIL,121009
RECEIVED TOO LATE,DEM,VOTE BY MAIL,128028
RECEIVED TOO LATE,REP,VOTE BY MAIL,117090
NON-MATCHING SIGNATURE,AI,VOTE BY MAIL,128005
RECEIVED TOO LATE,DEM,VOTE BY MAIL,126002
NON-MATCHING SIGNATURE,REP,VOTE BY MAIL,117072
RECEIVED TOO LATE,DEM,VOTE BY MAIL,117088
RECEIVED TOO LATE,NPP,VOTE BY MAIL,103008
RECEIVED TOO LATE,NPP,VOTE BY MAIL,117064
NON-MATCHING SIGNATURE,REP,VOTE BY MAIL,126001
NON-MATCHING SIGNATURE,DEM,VOTE BY MAIL,117003
RECEIVED TOO LATE,DEM,VOTE BY MAIL,121001
RECEIVED TOO LATE,REP,VOTE BY MAIL,117074
NON-MATCHING SIGNATURE,REP,VOTE BY MAIL,115001
RECEIVED TOO LATE,NPP,VOTE BY MAIL,119001
RECEIVED TOO LATE,REP,VOTE BY MAIL,119001
NON-MATCHING SIGNATURE,DEM,VOTE BY MAIL,117104
RECEIVED TOO LATE,DEM,VOTE BY MAIL,119001
NON-MATCHING SIGNATURE,NPP,VOTE BY MAIL,126002
NON-MATCHING SIGNATURE,DEM,VOTE BY MAIL,113002
NON-MATCHING SIGNATURE,NPP,VOTE BY MAIL,119001
NON-MATCHING SIGNATURE,DEM,VOTE BY MAIL,124003
RECEIVED TOO LATE,DEM,VOTE BY MAIL,117058
RECEIVED TOO LATE,DEM,VOTE BY MAIL,117091
RECEIVED TOO LATE,DEM,VOTE BY MAIL,121003
RECEIVED TOO LATE,DEM,VOTE BY MAIL,117059
NON-MATCHING SIGNATURE,DEM,VOTE BY MAIL,117007
NO VOTER SIGNATURE,REP,VOTE BY MAIL,124005
RECEIVED TOO LATE,NPP,VOTE BY MAIL,115001
RECEIVED TOO LATE,REP,VOTE BY MAIL,117011
RECEIVED TOO LATE,NPP,VOTE BY MAIL,103010
NON-MATCHING SIGNATURE,REP,VOTE BY MAIL,119001
RECEIVED TOO LATE,DEM,VOTE BY MAIL,112005
RECEIVED TOO LATE,DEM,VOTE BY MAIL,115001
NON-MATCHING SIGNATURE,REP,VOTE BY MAIL,117021
NON-MATCHING SIGNATURE,DEM,VOTE BY MAIL,124005
NON-MATCHING SIGNATURE,REP,VOTE BY MAIL,117014
RECEIVED TOO LATE,REP,VOTE BY MAIL,115001
RECEIVED TOO LATE,DEM,VOTE BY MAIL,117091
RECEIVED TOO LATE,DEM,VOTE BY MAIL,117091
RECEIVED TOO LATE,REP,VOTE BY MAIL,117064
RECEIVED TOO LATE,NPP,VOTE BY MAIL,121001
RECEIVED TOO LATE,DEM,VOTE BY MAIL,107010
RECEIVED TOO LATE,DEM,VOTE BY MAIL,117010
NON-MATCHING SIGNATURE,DEM,VOTE BY MAIL,126002
RECEIVED TOO LATE,REP,VOTE BY MAIL,108001
RECEIVED TOO LATE,DEM,VOTE BY MAIL,117038
NON-MATCHING SIGNATURE,NPP,VOTE BY MAIL,124001
RECEIVED TOO LATE,DEM,VOTE BY MAIL,124003
RECEIVED TOO LATE,NPP,VOTE BY MAIL,124003
RECEIVED TOO LATE,DEM,VOTE BY MAIL,126008
NON-MATCHING SIGNATURE,DEM,VOTE BY MAIL,105002
RECEIVED TOO LATE,DEM,VOTE BY MAIL,128008
RECEIVED TOO LATE,REP,VOTE BY MAIL,128028
RECEIVED TOO LATE,REP,VOTE BY MAIL,119001
RECEIVED TOO LATE,REP,VOTE BY MAIL,106009
NON-MATCHING SIGNATURE,DEM,VOTE BY MAIL,124005
NON-MATCHING SIGNATURE,NPP,VOTE BY MAIL,119001
RECEIVED TOO LATE,DEM,VOTE BY MAIL,117074
NON-MATCHING SIGNATURE,DEM,VOTE BY MAIL,117004
RECEIVED TOO LATE,DEM,VOTE BY MAIL,103008
NON-MATCHING SIGNATURE,REP,VOTE BY MAIL,117021
RECEIVED TOO LATE,DEM,VOTE BY MAIL,126008
NON-MATCHING SIGNATURE,NPP,VOTE BY MAIL,128008
RECEIVED TOO LATE,DEM,VOTE BY MAIL,124005
RECEIVED TOO LATE,REP,VOTE BY MAIL,103005
NON-MATCHING SIGNATURE,REP,VOTE BY MAIL,117011
RECEIVED TOO LATE,DEM,VOTE BY MAIL,128005
RECEIVED TOO LATE,DEM,VOTE BY MAIL,101003
RECEIVED TOO LATE,DEM,VOTE BY MAIL,102003
RECEIVED TOO LATE,LIB,VOTE BY MAIL,117009
RECEIVED TOO LATE,DEM,VOTE BY MAIL,128022
NON-MATCHING SIGNATURE,DEM,VOTE BY MAIL,128022
RECEIVED TOO LATE,DEM,VOTE BY MAIL,117009
NON-MATCHING SIGNATURE,REP,VOTE BY MAIL,112005
NON-MATCHING SIGNATURE,DEM,VOTE BY MAIL,128013
NON-MATCHING SIGNATURE,NPP,VOTE BY MAIL,128022
NON-MATCHING SIGNATURE,NPP,VOTE BY MAIL,102007
RECEIVED TOO LATE,REP,VOTE BY MAIL,117090
NO VOTER SIGNATURE,AI,VOTE BY MAIL,117058
RECEIVED TOO LATE,DEM,VOTE BY MAIL,117021
NON-MATCHING SIGNATURE,DEM,VOTE BY MAIL,103008
RECEIVED TOO LATE,DEM,VOTE BY MAIL,128007
NON-MATCHING SIGNATURE,DEM,VOTE BY MAIL,103001
RECEIVED TOO LATE,REP,VOTE BY MAIL,117080
NON-MATCHING SIGNATURE,DEM,VOTE BY MAIL,117006
RECEIVED TOO LATE,DEM,VOTE BY MAIL,124003
RECEIVED TOO LATE,DEM,VOTE BY MAIL,117004
RECEIVED TOO LATE,REP,VOTE BY MAIL,108004
RECEIVED TOO LATE,REP,VOTE BY MAIL,108004
NON-MATCHING SIGNATURE,DEM,VOTE BY MAIL,117029
RECEIVED TOO LATE,AI,VOTE BY MAIL,121009
NON-MATCHING SIGNATURE,REP,VOTE BY MAIL,106009
RECEIVED TOO LATE,DEM,VOTE BY MAIL,126001
NON-MATCHING SIGNATURE,REP,VOTE BY MAIL,117010
RECEIVED TOO LATE,REP,VOTE BY MAIL,128007
RECEIVED TOO LATE,REP,VOTE BY MAIL,121003
RECEIVED TOO LATE,REP,VOTE BY MAIL,128002
RECEIVED TOO LATE,NPP,VOTE BY MAIL,115001
RECEIVED TOO LATE,DEM,VOTE BY MAIL,128028
RECEIVED TOO LATE,AI,VOTE BY MAIL,105002
NON-MATCHING SIGNATURE,REP,VOTE BY MAIL,128028
RECEIVED TOO LATE,DEM,VOTE BY MAIL,121001
NON-MATCHING SIGNATURE,REP,VOTE BY MAIL,105002
RECEIVED TOO LATE,REP,VOTE BY MAIL,128013
RECEIVED TOO LATE,REP,VOTE BY MAIL,128008
NON-MATCHING SIGNATURE,REP,VOTE BY MAIL,102007
NON-MATCHING SIGNATURE,REP,VOTE BY MAIL,117014
RECEIVED TOO LATE,DEM,VOTE BY MAIL,128008
RECEIVED TOO LATE,DEM,VOTE BY MAIL,102001
NON-MATCHING SIGNATURE,NPP,VOTE BY MAIL,117029
NON-MATCHING SIGNATURE,REP,VOTE BY MAIL,128028
NON-MATCHING SIGNATURE,DEM,VOTE BY MAIL,117062
RECEIVED TOO LATE,NPP,VOTE BY MAIL,128013
NON-MATCHING SIGNATURE,DEM,VOTE BY MAIL,128001
RECEIVED TOO LATE,DEM,VOTE BY MAIL,117021
RECEIVED TOO LATE,REP,VOTE BY MAIL,108001
NON-MATCHING SIGNATURE,DEM,VOTE BY MAIL,103008
RECEIVED TOO LATE,DEM,VOTE BY MAIL,117072
NON-MATCHING SIGNATURE,DEM,VOTE BY MAIL,117104
RECEIVED TOO LATE,REP,VOTE BY MAIL,121001
NON-MATCHING SIGNATURE,DEM,VOTE BY MAIL,128013
RECEIVED TOO LATE,REP,VOTE BY MAIL,105002
NON-MATCHING SIGNATURE,DEM,VOTE BY MAIL,102001
NON-MATCHING SIGNATURE,NPP,VOTE BY MAIL,117112
RECEIVED TOO LATE,DEM,VOTE BY MAIL,119001
RECEIVED TOO LATE,DEM,VOTE BY MAIL,128008
NON-MATCHING SIGNATURE,GRN,VOTE BY MAIL,117058
NON-MATCHING SIGNATURE,LIB,VOTE BY MAIL,117059
RECEIVED TOO LATE,DEM,VOTE BY MAIL,117072
RECEIVED TOO LATE,AI,VOTE BY MAIL,105002
NON-MATCHING SIGNATURE,REP,VOTE BY MAIL,128013
NON-MATCHING SIGNATURE,DEM,VOTE BY MAIL,128015
RECEIVED TOO LATE,DEM,VOTE BY MAIL,117010
NON-MATCHING SIGNATURE,DEM,VOTE BY MAIL,117062
NON-MATCHING SIGNATURE,DEM,VOTE BY MAIL,103005
NON-MATCHING SIGNATURE,PF,VOTE BY MAIL,117006
RECEIVED TOO LATE,DEM,VOTE BY MAIL,117001
NON-MATCHING SIGNATURE,NPP,VOTE BY MAIL,121009
RECEIVED TOO LATE,NPP,VOTE BY MAIL,117014
NON-MATCHING SIGNATURE,REP,VOTE BY MAIL,105003
RECEIVED TOO LATE,DEM,VOTE BY MAIL,121009
NON-MATCHING SIGNATURE,DEM,VOTE BY MAIL,117014
NON-MATCHING SIGNATURE,REP,VOTE BY MAIL,117014
NO VOTER SIGNATURE,DEM,VOTE BY MAIL,117038
RECEIVED TOO LATE,DEM,VOTE BY MAIL,105002
RECEIVED TOO LATE,DEM,VOTE BY MAIL,101003
RECEIVED TOO LATE,NPP,VOTE BY MAIL,117090
RECEIVED TOO LATE,REP,VOTE BY MAIL,119001
NON-MATCHING SIGNATURE,NPP,VOTE BY MAIL,112005
RECEIVED TOO LATE,DEM,VOTE BY MAIL,128001
NON-MATCHING SIGNATURE,AI,VOTE BY MAIL,126008
NON-MATCHING SIGNATURE,REP,VOTE BY MAIL,128028
RECEIVED TOO LATE,DEM,VOTE BY MAIL,117112
RECEIVED TOO LATE,NPP,VOTE BY MAIL,117090
NON-MATCHING SIGNATURE,AI,VOTE BY MAIL,107005
RECEIVED TOO LATE,REP,VOTE BY MAIL,128028
NON-MATCHING SIGNATURE,REP,VOTE BY MAIL,121001
RECEIVED TOO LATE,REP,VOTE BY MAIL,128028
RECEIVED TOO LATE,NPP,VOTE BY MAIL,124001
RECEIVED TOO LATE,DEM,VOTE BY MAIL,117112
NON-MATCHING SIGNATURE,DEM,VOTE BY MAIL,117002
NON-MATCHING SIGNATURE,DEM,VOTE BY MAIL,117029
RECEIVED TOO LATE,NPP,VOTE BY MAIL,117080
NON-MATCHING SIGNATURE,REP,VOTE BY MAIL,117088
RECEIVED TOO LATE,DEM,VOTE BY MAIL,126001
NON-MATCHING SIGNATURE,AI,VOTE BY MAIL,117088
NON-MATCHING SIGNATURE,REP,VOTE BY MAIL,121009
NON-MATCHING SIGNATURE,DEM,VOTE BY MAIL,107005
NON-MATCHING SIGNATURE,NPP,VOTE BY MAIL,117014
NON-MATCHING SIGNATURE,REP,VOTE BY MAIL,119001
NON-MATCHING SIGNATURE,DEM,VOTE BY MAIL,121001
RECEIVED TOO LATE,REP,VOTE BY MAIL,128013
RECEIVED TOO LATE,DEM,VOTE BY MAIL,117091
RECEIVED TOO LATE,NPP,VOTE BY MAIL,124003
RECEIVED TOO LATE,DEM,VOTE BY MAIL,114001
RECEIVED TOO LATE,REP,VOTE BY MAIL,105006
RECEIVED TOO LATE,DEM,VOTE BY MAIL,117104
NON-MATCHING SIGNATURE,DEM,VOTE BY MAIL,124001
RECEIVED TOO LATE,REP,VOTE BY MAIL,117021
RECEIVED TOO LATE,DEM,VOTE BY MAIL,117021
RECEIVED TOO LATE,NPP,VOTE BY MAIL,117112
NON-MATCHING SIGNATURE,DEM,VOTE BY MAIL,121003
NON-MATCHING SIGNATURE,REP,VOTE BY MAIL,126001
NON-MATCHING SIGNATURE,AI,VOTE BY MAIL,124001
RECEIVED TOO LATE,REP,VOTE BY MAIL,112005
NO VOTER SIGNATURE,REP,VOTE BY MAIL,117011
RECEIVED TOO LATE,REP,VOTE BY MAIL,108001
RECEIVED TOO LATE,DEM,VOTE BY MAIL,103005
NON-MATCHING SIGNATURE,NPP,VOTE BY MAIL,103009
RECEIVED TOO LATE,REP,VOTE BY MAIL,117014
NON-MATCHING SIGNATURE,DEM,VOTE BY MAIL,103002
RECEIVED TOO LATE,DEM,VOTE BY MAIL,119001
RECEIVED TOO LATE,NPP,VOTE BY MAIL,121009
RECEIVED TOO LATE,DEM,VOTE BY MAIL,112005
RECEIVED TOO LATE,DEM,VOTE BY MAIL,124003
RECEIVED TOO LATE,DEM,VOTE BY MAIL,117074
RECEIVED TOO LATE,REP,VOTE BY MAIL,121009
NON-MATCHING SIGNATURE,REP,VOTE BY MAIL,103009
RECEIVED TOO LATE,REP,VOTE BY MAIL,126002
RECEIVED TOO LATE,DEM,VOTE BY MAIL,108002
RECEIVED TOO LATE,DEM,VOTE BY MAIL,108002
RECEIVED TOO LATE,DEM,VOTE BY MAIL,103005
NON-MATCHING SIGNATURE,NPP,VOTE BY MAIL,102012
NON-MATCHING SIGNATURE,REP,VOTE BY MAIL,107010
RECEIVED TOO LATE,DEM,VOTE BY MAIL,107010
RECEIVED TOO LATE,DEM,VOTE BY MAIL,102007
NON-MATCHING SIGNATURE,NPP,VOTE BY MAIL,117004
NON-MATCHING SIGNATURE,DEM,VOTE BY MAIL,128008
NON-MATCHING SIGNATURE,DEM,VOTE BY MAIL,117091
RECEIVED TOO LATE,REP,VOTE BY MAIL,117021
NON-MATCHING SIGNATURE,REP,VOTE BY MAIL,117080
NON-MATCHING SIGNATURE,DEM,VOTE BY MAIL,128013
NON-MATCHING SIGNATURE,NPP,VOTE BY MAIL,108004
NON-MATCHING SIGNATURE,DEM,VOTE BY MAIL,102001
RECEIVED TOO LATE,DEM,VOTE BY MAIL,119001
RECEIVED TOO LATE,DEM,VOTE BY MAIL,117074
NON-MATCHING SIGNATURE,REP,VOTE BY MAIL,119001
RECEIVED TOO LATE,REP,VOTE BY MAIL,121009
RECEIVED TOO LATE,REP,VOTE BY MAIL,128002
RECEIVED TOO LATE,REP,VOTE BY MAIL,103008
RECEIVED TOO LATE,REP,VOTE BY MAIL,108002
RECEIVED TOO LATE,AI,VOTE BY MAIL,126001
RECEIVED TOO LATE,DEM,VOTE BY MAIL,128002
RECEIVED TOO LATE,NPP,VOTE BY MAIL,117005
NON-MATCHING SIGNATURE,REP,VOTE BY MAIL,119001
RECEIVED TOO LATE,NPP,VOTE BY MAIL,103008
NON-MATCHING SIGNATURE,NPP,VOTE BY MAIL,126001
RECEIVED TOO LATE,REP,VOTE BY MAIL,112005
RECEIVED TOO LATE,DEM,VOTE BY MAIL,112005
RECEIVED TOO LATE,REP,VOTE BY MAIL,128005
RECEIVED TOO LATE,NPP,VOTE BY MAIL,117038
RECEIVED TOO LATE,NPP,VOTE BY MAIL,117002
NON-MATCHING SIGNATURE,REP,VOTE BY MAIL,124005
RECEIVED TOO LATE,REP,VOTE BY MAIL,128008
NON-MATCHING SIGNATURE,NPP,VOTE BY MAIL,128007
RECEIVED TOO LATE,REP,VOTE BY MAIL,117003
RECEIVED TOO LATE,DEM,VOTE BY MAIL,105002
NON-MATCHING SIGNATURE,NPP,VOTE BY MAIL,112005
RECEIVED TOO LATE,REP,VOTE BY MAIL,114001
NON-MATCHING SIGNATURE,DEM,VOTE BY MAIL,117059
NON-MATCHING SIGNATURE,AI,VOTE BY MAIL,117112
RECEIVED TOO LATE,REP,VOTE BY MAIL,128002
RECEIVED TOO LATE,DEM,VOTE BY MAIL,103008
RECEIVED TOO LATE,DEM,VOTE BY MAIL,112005
RECEIVED TOO LATE,REP,VOTE BY MAIL,108002
RECEIVED TOO LATE,DEM,VOTE BY MAIL,126008
RECEIVED TOO LATE,DEM,VOTE BY MAIL,117010
RECEIVED TOO LATE,DEM,VOTE BY MAIL,110008
NON-MATCHING SIGNATURE,DEM,VOTE BY MAIL,107005
RECEIVED TOO LATE,DEM,VOTE BY MAIL,117104
RECEIVED TOO LATE,DEM,VOTE BY MAIL,103001
RECEIVED TOO LATE,NPP,VOTE BY MAIL,117112
RECEIVED TOO LATE,DEM,VOTE BY MAIL,117029
NON-MATCHING SIGNATURE,NPP,VOTE BY MAIL,102007
RECEIVED TOO LATE,DEM,VOTE BY MAIL,129001
RECEIVED TOO LATE,DEM,VOTE BY MAIL,103005
RECEIVED TOO LATE,REP,VOTE BY MAIL,123001
RECEIVED TOO LATE,DEM,VOTE BY MAIL,128008
RECEIVED TOO LATE,REP,VOTE BY MAIL,124003
RECEIVED TOO LATE,DEM,VOTE BY MAIL,128013
NON-MATCHING SIGNATURE,REP,VOTE BY MAIL,103008
RECEIVED TOO LATE,DEM,VOTE BY MAIL,128013
NON-MATCHING SIGNATURE,NPP,VOTE BY MAIL,117005
RECEIVED TOO LATE,DEM,VOTE BY MAIL,103005
NON-MATCHING SIGNATURE,REP,VOTE BY MAIL,119001
RECEIVED TOO LATE,NPP,VOTE BY MAIL,109004
RECEIVED TOO LATE,NPP,VOTE BY MAIL,124001
NON-MATCHING SIGNATURE,AI,VOTE BY MAIL,117003
NON-MATCHING SIGNATURE,NPP,VOTE BY MAIL,128005
NON-MATCHING SIGNATURE,DEM,VOTE BY MAIL,112005
RECEIVED TOO LATE,REP,VOTE BY MAIL,128015
RECEIVED TOO LATE,REP,VOTE BY MAIL,117112
NON-MATCHING SIGNATURE,DEM,VOTE BY MAIL,107005
RECEIVED TOO LATE,REP,VOTE BY MAIL,117014
NON-MATCHING SIGNATURE,DEM,VOTE BY MAIL,117058
NON-MATCHING SIGNATURE,DEM,VOTE BY MAIL,117080
NON-MATCHING SIGNATURE,DEM,VOTE BY MAIL,128022
RECEIVED TOO LATE,DEM,VOTE BY MAIL,121001
NON-MATCHING SIGNATURE,NPP,VOTE BY MAIL,121003
RECEIVED TOO LATE,DEM,VOTE BY MAIL,114001
RECEIVED TOO LATE,REP,VOTE BY MAIL,117088
NON-MATCHING SIGNATURE,DEM,VOTE BY MAIL,117006
RECEIVED TOO LATE,DEM,VOTE BY MAIL,117029
RECEIVED TOO LATE,DEM,VOTE BY MAIL,106009
NON-MATCHING SIGNATURE,NPP,VOTE BY MAIL,104002
NON-MATCHING SIGNATURE,DEM,VOTE BY MAIL,117064
RECEIVED TOO LATE,DEM,VOTE BY MAIL,117003
RECEIVED TOO LATE,DEM,VOTE BY MAIL,109004
NON-MATCHING SIGNATURE,NPP,VOTE BY MAIL,117004
RECEIVED TOO LATE,DEM,VOTE BY MAIL,124005
NON-MATCHING SIGNATURE,REP,VOTE BY MAIL,117021
NON-MATCHING SIGNATURE,NPP,VOTE BY MAIL,102007
RECEIVED TOO LATE,REP,VOTE BY MAIL,128008
NON-MATCHING SIGNATURE,REP,VOTE BY MAIL,128028
RECEIVED TOO LATE,NPP,VOTE BY MAIL,129001
NON-MATCHING SIGNATURE,DEM,VOTE BY MAIL,126002
NON-MATCHING SIGNATURE,NPP,VOTE BY MAIL,126002
NON-MATCHING SIGNATURE,DEM,VOTE BY MAIL,128002
NON-MATCHING SIGNATURE,NPP,VOTE BY MAIL,117091
RECEIVED TOO LATE,DEM,VOTE BY MAIL,110001
NON-MATCHING SIGNATURE,NPP,VOTE BY MAIL,128022
NON-MATCHING SIGNATURE,NPP,VOTE BY MAIL,126002
NON-MATCHING SIGNATURE,REP,VOTE BY MAIL,126002
NON-MATCHING SIGNATURE,REP,VOTE BY MAIL,126002
NON-MATCHING SIGNATURE,DEM,VOTE BY MAIL,105002
NON-MATCHING SIGNATURE,REP,VOTE BY MAIL,128022
NON-MATCHING SIGNATURE,REP,VOTE BY MAIL,117011
NON-MATCHING SIGNATURE,DEM,VOTE BY MAIL,103002
RECEIVED TOO LATE,DEM,VOTE BY MAIL,124003
NON-MATCHING SIGNATURE,NPP,VOTE BY MAIL,103005
RECEIVED TOO LATE,DEM,VOTE BY MAIL,128002
RECEIVED TOO LATE,REP,VOTE BY MAIL,124005
RECEIVED TOO LATE,DEM,VOTE BY MAIL,117009
RECEIVED TOO LATE,DEM,VOTE BY MAIL,117010
RECEIVED TOO LATE,REP,VOTE BY MAIL,117014
RECEIVED TOO LATE,AI,VOTE BY MAIL,103001
RECEIVED TOO LATE,NPP,VOTE BY MAIL,103009
RECEIVED TOO LATE,NPP,VOTE BY MAIL,117038
NON-MATCHING SIGNATURE,REP,VOTE BY MAIL,128001
RECEIVED TOO LATE,REP,VOTE BY MAIL,128022
RECEIVED TOO LATE,REP,VOTE BY MAIL,105002
RECEIVED TOO LATE,AI,VOTE BY MAIL,128005
RECEIVED TOO LATE,DEM,VOTE BY MAIL,128002
NON-MATCHING SIGNATURE,AI,VOTE BY MAIL,121009
NON-MATCHING SIGNATURE,DEM,VOTE BY MAIL,103009
NON-MATCHING SIGNATURE,REP,VOTE BY MAIL,117014
RECEIVED TOO LATE,NPP,VOTE BY MAIL,102003
NON-MATCHING SIGNATURE,NPP,VOTE BY MAIL,126008
RECEIVED TOO LATE,REP,VOTE BY MAIL,121003
NON-MATCHING SIGNATURE,DEM,VOTE BY MAIL,117080
NON-MATCHING SIGNATURE,REP,VOTE BY MAIL,128001
RECEIVED TOO LATE,REP,VOTE BY MAIL,117112
RECEIVED TOO LATE,DEM,VOTE BY MAIL,121001
RECEIVED TOO LATE,AI,VOTE BY MAIL,117080
NON-MATCHING SIGNATURE,REP,VOTE BY MAIL,117014
NON-MATCHING SIGNATURE,REP,VOTE BY MAIL,117002
NON-MATCHING SIGNATURE,NPP,VOTE BY MAIL,117014
RECEIVED TOO LATE,DEM,VOTE BY MAIL,128007
NON-MATCHING SIGNATURE,DEM,VOTE BY MAIL,128013
RECEIVED TOO LATE,NPP,VOTE BY MAIL,103008
NON-MATCHING SIGNATURE,NPP,VOTE BY MAIL,103002
RECEIVED TOO LATE,AI,VOTE BY MAIL,117009
RECEIVED TOO LATE,REP,VOTE BY MAIL,117011
RECEIVED TOO LATE,NPP,VOTE BY MAIL,102001
RECEIVED TOO LATE,REP,VOTE BY MAIL,128005
RECEIVED TOO LATE,REP,VOTE BY MAIL,128028
RECEIVED TOO LATE,REP,VOTE BY MAIL,103009
NO VOTER SIGNATURE,DEM,VOTE BY MAIL,117064
NON-MATCHING SIGNATURE,NPP,VOTE BY MAIL,117090
NON-MATCHING SIGNATURE,REP,VOTE BY MAIL,117062
RECEIVED TOO LATE,NPP,VOTE BY MAIL,103001
RECEIVED TOO LATE,DEM,VOTE BY MAIL,117002
RECEIVED TOO LATE,LIB,VOTE BY MAIL,117011
NON-MATCHING SIGNATURE,REP,VOTE BY MAIL,128013
NON-MATCHING SIGNATURE,NPP,VOTE BY MAIL,124003
NON-MATCHING SIGNATURE,AI,VOTE BY MAIL,124003
RECEIVED TOO LATE,NPP,VOTE BY MAIL,103009
NON-MATCHING SIGNATURE,NPP,VOTE BY MAIL,117064
NON-MATCHING SIGNATURE,DEM,VOTE BY MAIL,128013
RECEIVED TOO LATE,REP,VOTE BY MAIL,117064
RECEIVED TOO LATE,REP,VOTE BY MAIL,105002
NON-MATCHING SIGNATURE,AI,VOTE BY MAIL,113002
RECEIVED TOO LATE,REP,VOTE BY MAIL,128015
NON-MATCHING SIGNATURE,REP,VOTE BY MAIL,114001
NON-MATCHING SIGNATURE,DEM,VOTE BY MAIL,119001
NON-MATCHING SIGNATURE,REP,VOTE BY MAIL,117090
NON-MATCHING SIGNATURE,DEM,VOTE BY MAIL,124001
NON-MATCHING SIGNATURE,DEM,VOTE BY MAIL,128008
NON-MATCHING SIGNATURE,REP,VOTE BY MAIL,103008
NON-MATCHING SIGNATURE,REP,VOTE BY MAIL,117009
NON-MATCHING SIGNATURE,NPP,VOTE BY MAIL,117009
NON-MATCHING SIGNATURE,DEM,VOTE BY MAIL,103009
NON-MATCHING SIGNATURE,REP,VOTE BY MAIL,101001
RECEIVED TOO LATE,AI,VOTE BY MAIL,102007
RECEIVED TOO LATE,DEM,VOTE BY MAIL,117091
RECEIVED TOO LATE,DEM,VOTE BY MAIL,114001
NON-MATCHING SIGNATURE,DEM,VOTE BY MAIL,128008
NON-MATCHING SIGNATURE,NPP,VOTE BY MAIL,119001
RECEIVED TOO LATE,DEM,VOTE BY MAIL,103009
NON-MATCHING SIGNATURE,REP,VOTE BY MAIL,112005
NON-MATCHING SIGNATURE,DEM,VOTE BY MAIL,117002
NON-MATCHING SIGNATURE,REP,VOTE BY MAIL,126008
RECEIVED TOO LATE,NPP,VOTE BY MAIL,103005
NON-MATCHING SIGNATURE,NPP,VOTE BY MAIL,128028
NON-MATCHING SIGNATURE,REP,VOTE BY MAIL,128028
RECEIVED TOO LATE,REP,VOTE BY MAIL,117014
NON-MATCHING SIGNATURE,REP,VOTE BY MAIL,105002
RECEIVED TOO LATE,DEM,VOTE BY MAIL,128008
RECEIVED TOO LATE,DEM,VOTE BY MAIL,124001
NON-MATCHING SIGNATURE,DEM,VOTE BY MAIL,128013
RECEIVED TOO LATE,DEM,VOTE BY MAIL,102003
RECEIVED TOO LATE,DEM,VOTE BY MAIL,124005
RECEIVED TOO LATE,DEM,VOTE BY MAIL,102007
RECEIVED TOO LATE,DEM,VOTE BY MAIL,124005
RECEIVED TOO LATE,REP,VOTE BY MAIL,105002
NON-MATCHING SIGNATURE,REP,VOTE BY MAIL,117091
NON-MATCHING SIGNATURE,DEM,VOTE BY MAIL,117003
RECEIVED TOO LATE,REP,VOTE BY MAIL,110001
NON-MATCHING SIGNATURE,NPP,VOTE BY MAIL,106009
RECEIVED TOO LATE,NPP,VOTE BY MAIL,117064
RECEIVED TOO LATE,DEM,VOTE BY MAIL,117112
NON-MATCHING SIGNATURE,DEM,VOTE BY MAIL,103005
NON-MATCHING SIGNATURE,REP,VOTE BY MAIL,106001
RECEIVED TOO LATE,REP,VOTE BY MAIL,128022
NON-MATCHING SIGNATURE,NPP,VOTE BY MAIL,117029
NON-MATCHING SIGNATURE,DEM,VOTE BY MAIL,128022
RECEIVED TOO LATE,NPP,VOTE BY MAIL,128001
NON-MATCHING SIGNATURE,REP,VOTE BY MAIL,121009
NON-MATCHING SIGNATURE,GRN,VOTE BY MAIL,105002
NON-MATCHING SIGNATURE,DEM,VOTE BY MAIL,117074
NON-MATCHING SIGNATURE,DEM,VOTE BY MAIL,128008
RECEIVED TOO LATE,DEM,VOTE BY MAIL,117072
RECEIVED TOO LATE,REP,VOTE BY MAIL,103004
RECEIVED TOO LATE,REP,VOTE BY MAIL,128001
RECEIVED TOO LATE,NPP,VOTE BY MAIL,128013
RECEIVED TOO LATE,DEM,VOTE BY MAIL,124005
RECEIVED TOO LATE,DEM,VOTE BY MAIL,117090
RECEIVED TOO LATE,REP,VOTE BY MAIL,106009
RECEIVED TOO LATE,REP,VOTE BY MAIL,128015
RECEIVED TOO LATE,DEM,VOTE BY MAIL,126001
NON-MATCHING SIGNATURE,REP,VOTE BY MAIL,103002
RECEIVED TOO LATE,REP,VOTE BY MAIL,124003
RECEIVED TOO LATE,DEM,VOTE BY MAIL,108004
NON-MATCHING SIGNATURE,DEM,VOTE BY MAIL,117014
RECEIVED TOO LATE,DEM,VOTE BY MAIL,117003
NON-MATCHING SIGNATURE,DEM,VOTE BY MAIL,103001
NON-MATCHING SIGNATURE,GRN,VOTE BY MAIL,128005
NON-MATCHING SIGNATURE,DEM,VOTE BY MAIL,117003
NON-MATCHING SIGNATURE,REP,VOTE BY MAIL,117059
NON-MATCHING SIGNATURE,REP,VOTE BY MAIL,117072
RECEIVED TOO LATE,DEM,VOTE BY MAIL,102001
RECEIVED TOO LATE,REP,VOTE BY MAIL,108002
RECEIVED TOO LATE,DEM,VOTE BY MAIL,112005
RECEIVED TOO LATE,REP,VOTE BY MAIL,128013
RECEIVED TOO LATE,DEM,VOTE BY MAIL,103008
RECEIVED TOO LATE,DEM,VOTE BY MAIL,117004
RECEIVED TOO LATE,DEM,VOTE BY MAIL,117004
RECEIVED TOO LATE,PF,VOTE BY MAIL,117004
RECEIVED TOO LATE,DEM,VOTE BY MAIL,119001
RECEIVED TOO LATE,NPP,VOTE BY MAIL,117010
NON-MATCHING SIGNATURE,DEM,VOTE BY MAIL,117014
NON-MATCHING SIGNATURE,DEM,VOTE BY MAIL,128002
RECEIVED TOO LATE,REP,VOTE BY MAIL,117029
RECEIVED TOO LATE,REP,VOTE BY MAIL,121009
NON-MATCHING SIGNATURE,REP,VOTE BY MAIL,117014
NON-MATCHING SIGNATURE,NPP,VOTE BY MAIL,128015
NON-MATCHING SIGNATURE,AI,VOTE BY MAIL,117062
NON-MATCHING SIGNATURE,NPP,VOTE BY MAIL,121001
NON-MATCHING SIGNATURE,NPP,VOTE BY MAIL,117080
RECEIVED TOO LATE,NPP,VOTE BY MAIL,117062
RECEIVED TOO LATE,DEM,VOTE BY MAIL,105002
NON-MATCHING SIGNATURE,DEM,VOTE BY MAIL,117004
RECEIVED TOO LATE,DEM,VOTE BY MAIL,132002
RECEIVED TOO LATE,DEM,VOTE BY MAIL,128005
RECEIVED TOO LATE,DEM,VOTE BY MAIL,106009
RECEIVED TOO LATE,NPP,VOTE BY MAIL,117047
NON-MATCHING SIGNATURE,NPP,VOTE BY MAIL,103009
NON-MATCHING SIGNATURE,DEM,VOTE BY MAIL,117059
RECEIVED TOO LATE,NPP,VOTE BY MAIL,117072
RECEIVED TOO LATE,REP,VOTE BY MAIL,128002
NON-MATCHING SIGNATURE,DEM,VOTE BY MAIL,117006
NON-MATCHING SIGNATURE,REP,VOTE BY MAIL,109004
NON-MATCHING SIGNATURE,NPP,VOTE BY MAIL,124003
NON-MATCHING SIGNATURE,REP,VOTE BY MAIL,117004
NON-MATCHING SIGNATURE,DEM,VOTE BY MAIL,117006
RECEIVED TOO LATE,DEM,VOTE BY MAIL,128002
NON-MATCHING SIGNATURE,REP,VOTE BY MAIL,114001
NON-MATCHING SIGNATURE,DEM,VOTE BY MAIL,107010
NON-MATCHING SIGNATURE,DEM,VOTE BY MAIL,117004
RECEIVED TOO LATE,AI,VOTE BY MAIL,117029
RECEIVED TOO LATE,REP,VOTE BY MAIL,124005
RECEIVED TOO LATE,DEM,VOTE BY MAIL,117029
RECEIVED TOO LATE,REP,VOTE BY MAIL,124003
RECEIVED TOO LATE,REP,VOTE BY MAIL,121009
NON-MATCHING SIGNATURE,NPP,VOTE BY MAIL,128002
RECEIVED TOO LATE,DEM,VOTE BY MAIL,124005
RECEIVED TOO LATE,NPP,VOTE BY MAIL,121009
RECEIVED TOO LATE,REP,VOTE BY MAIL,103009
NON-MATCHING SIGNATURE,REP,VOTE BY MAIL,132002
NON-MATCHING SIGNATURE,DEM,VOTE BY MAIL,124005
NON-MATCHING SIGNATURE,DEM,VOTE BY MAIL,119001
RECEIVED TOO LATE,NPP,VOTE BY MAIL,129001
RECEIVED TOO LATE,DEM,VOTE BY MAIL,119001
RECEIVED TOO LATE,DEM,VOTE BY MAIL,128013
RECEIVED TOO LATE,DEM,VOTE BY MAIL,124003
RECEIVED TOO LATE,DEM,VOTE BY MAIL,102001
RECEIVED TOO LATE,NPP,VOTE BY MAIL,117014
RECEIVED TOO LATE,GRN,VOTE BY MAIL,128022
RECEIVED TOO LATE,REP,VOTE BY MAIL,110001
RECEIVED TOO LATE,REP,VOTE BY MAIL,117006
NON-MATCHING SIGNATURE,REP,VOTE BY MAIL,121003
RECEIVED TOO LATE,DEM,VOTE BY MAIL,124001
NON-MATCHING SIGNATURE,DEM,VOTE BY MAIL,103004
NON-MATCHING SIGNATURE,DEM,VOTE BY MAIL,117004
NON-MATCHING SIGNATURE,DEM,VOTE BY MAIL,107010
RECEIVED TOO LATE,DEM,VOTE BY MAIL,119001
RECEIVED TOO LATE,DEM,VOTE BY MAIL,103010
NON-MATCHING SIGNATURE,NPP,VOTE BY MAIL,103001
RECEIVED TOO LATE,DEM,VOTE BY MAIL,128008
NON-MATCHING SIGNATURE,LIB,VOTE BY MAIL,105002
RECEIVED TOO LATE,DEM,VOTE BY MAIL,115001
NON-MATCHING SIGNATURE,REP,VOTE BY MAIL,128013
RECEIVED TOO LATE,DEM,VOTE BY MAIL,102002
NON-MATCHING SIGNATURE,NPP,VOTE BY MAIL,128013
RECEIVED TOO LATE,DEM,VOTE BY MAIL,126001
NON-MATCHING SIGNATURE,NPP,VOTE BY MAIL,128007
NO VOTER SIGNATURE,DEM,VOTE BY MAIL,128002
RECEIVED TOO LATE,REP,VOTE BY MAIL,121001
RECEIVED TOO LATE,NPP,VOTE BY MAIL,121003
RECEIVED TOO LATE,REP,VOTE BY MAIL,108004
RECEIVED TOO LATE,NPP,VOTE BY MAIL,119001
RECEIVED TOO LATE,DEM,VOTE BY MAIL,124001
RECEIVED TOO LATE,REP,VOTE BY MAIL,117090
RECEIVED TOO LATE,DEM,VOTE BY MAIL,102007
NON-MATCHING SIGNATURE,NPP,VOTE BY MAIL,124005
NON-MATCHING SIGNATURE,NPP,VOTE BY MAIL,124003
RECEIVED TOO LATE,DEM,VOTE BY MAIL,117009
RECEIVED TOO LATE,REP,VOTE BY MAIL,102002
RECEIVED TOO LATE,DEM,VOTE BY MAIL,112005
NON-MATCHING SIGNATURE,NPP,VOTE BY MAIL,121009
NON-MATCHING SIGNATURE,LIB,VOTE BY MAIL,128008
RECEIVED TOO LATE,NPP,VOTE BY MAIL,105003
RECEIVED TOO LATE,DEM,VOTE BY MAIL,117112
RECEIVED TOO LATE,REP,VOTE BY MAIL,128013
RECEIVED TOO LATE,DEM,VOTE BY MAIL,128015
NON-MATCHING SIGNATURE,DEM,VOTE BY MAIL,117004
RECEIVED TOO LATE,REP,VOTE BY MAIL,117004
RECEIVED TOO LATE,NPP,VOTE BY MAIL,102003
NON-MATCHING SIGNATURE,DEM,VOTE BY MAIL,126002
RECEIVED TOO LATE,NPP,VOTE BY MAIL,124001
RECEIVED TOO LATE,REP,VOTE BY MAIL,114001
RECEIVED TOO LATE,DEM,VOTE BY MAIL,121009
RECEIVED TOO LATE,DEM,VOTE BY MAIL,119001
RECEIVED TOO LATE,DEM,VOTE BY MAIL,121009
RECEIVED TOO LATE,REP,VOTE BY MAIL,124003
NON-MATCHING SIGNATURE,DEM,VOTE BY MAIL,117064
NON-MATCHING SIGNATURE,DEM,VOTE BY MAIL,124001
RECEIVED TOO LATE,DEM,VOTE BY MAIL,117014
RECEIVED TOO LATE,REP,VOTE BY MAIL,103008
NON-MATCHING SIGNATURE,REP,VOTE BY MAIL,105002
RECEIVED TOO LATE,DEM,VOTE BY MAIL,102003
RECEIVED TOO LATE,NPP,VOTE BY MAIL,121009
NON-MATCHING SIGNATURE,DEM,VOTE BY MAIL,117029
RECEIVED TOO LATE,NPP,VOTE BY MAIL,128008
RECEIVED TOO LATE,REP,VOTE BY MAIL,121009
NON-MATCHING SIGNATURE,DEM,VOTE BY MAIL,117021
RECEIVED TOO LATE,NPP,VOTE BY MAIL,117104
RECEIVED TOO LATE,NPP,VOTE BY MAIL,103002
NON-MATCHING SIGNATURE,REP,VOTE BY MAIL,117062
RECEIVED TOO LATE,PF,VOTE BY MAIL,117029
NON-MATCHING SIGNATURE,REP,VOTE BY MAIL,128008
RECEIVED TOO LATE,AI,VOTE BY MAIL,105002
RECEIVED TOO LATE,REP,VOTE BY MAIL,117047
RECEIVED TOO LATE,DEM,VOTE BY MAIL,121001
NON-MATCHING SIGNATURE,REP,VOTE BY MAIL,117047
NON-MATCHING SIGNATURE,DEM,VOTE BY MAIL,124005
RECEIVED TOO LATE,DEM,VOTE BY MAIL,108002
NON-MATCHING SIGNATURE,REP,VOTE BY MAIL,117088
RECEIVED TOO LATE,NPP,VOTE BY MAIL,117112
NON-MATCHING SIGNATURE,AI,VOTE BY MAIL,108001
RECEIVED TOO LATE,DEM,VOTE BY MAIL,117112
RECEIVED TOO LATE,NPP,VOTE BY MAIL,128028
RECEIVED TOO LATE,NPP,VOTE BY MAIL,128028
NON-MATCHING SIGNATURE,DEM,VOTE BY MAIL,107005
NON-MATCHING SIGNATURE,NPP,VOTE BY MAIL,117009
NON-MATCHING SIGNATURE,NPP,VOTE BY MAIL,114001
RECEIVED TOO LATE,NPP,VOTE BY MAIL,119001
NON-MATCHING SIGNATURE,DEM,VOTE BY MAIL,117003
RECEIVED TOO LATE,DEM,VOTE BY MAIL,117006
NO VOTER SIGNATURE,NPP,VOTE BY MAIL,117002
RECEIVED TOO LATE,REP,VOTE BY MAIL,115001
RECEIVED TOO LATE,REP,VOTE BY MAIL,114001
NON-MATCHING SIGNATURE,AI,VOTE BY MAIL,117021
NON-MATCHING SIGNATURE,NPP,VOTE BY MAIL,117038
RECEIVED TOO LATE,REP,VOTE BY MAIL,117088
NON-MATCHING SIGNATURE,DEM,VOTE BY MAIL,117090
RECEIVED TOO LATE,NPP,VOTE BY MAIL,117038
NON-MATCHING SIGNATURE,DEM,VOTE BY MAIL,102003
RECEIVED TOO LATE,REP,VOTE BY MAIL,128002
NON-MATCHING SIGNATURE,NPP,VOTE BY MAIL,117104
RECEIVED TOO LATE,DEM,VOTE BY MAIL,124001
NON-MATCHING SIGNATURE,NPP,VOTE BY MAIL,103008
RECEIVED TOO LATE,DEM,VOTE BY MAIL,128002
NON-MATCHING SIGNATURE,DEM,VOTE BY MAIL,117029
RECEIVED TOO LATE,NPP,VOTE BY MAIL,108002
RECEIVED TOO LATE,REP,VOTE BY MAIL,128008
RECEIVED TOO LATE,NPP,VOTE BY MAIL,128007
NON-MATCHING SIGNATURE,DEM,VOTE BY MAIL,102001
NON-MATCHING SIGNATURE,DEM,VOTE BY MAIL,129001
RECEIVED TOO LATE,NPP,VOTE BY MAIL,128002
NON-MATCHING SIGNATURE,DEM,VOTE BY MAIL,121003
RECEIVED TOO LATE,REP,VOTE BY MAIL,128001
RECEIVED TOO LATE,AI,VOTE BY MAIL,126008
NO VOTER SIGNATURE,DEM,VOTE BY MAIL,123001
NON-MATCHING SIGNATURE,REP,VOTE BY MAIL,117007
RECEIVED TOO LATE,DEM,VOTE BY MAIL,117038
RECEIVED TOO LATE,DEM,VOTE BY MAIL,117029
NON-MATCHING SIGNATURE,DEM,VOTE BY MAIL,117104
RECEIVED TOO LATE,DEM,VOTE BY MAIL,117064
RECEIVED TOO LATE,REP,VOTE BY MAIL,128008
RECEIVED TOO LATE,REP,VOTE BY MAIL,108001
RECEIVED TOO LATE,NPP,VOTE BY MAIL,117001
RECEIVED TOO LATE,REP,VOTE BY MAIL,103008
RECEIVED TOO LATE,DEM,VOTE BY MAIL,124005
NON-MATCHING SIGNATURE,REP,VOTE BY MAIL,121001
RECEIVED TOO LATE,DEM,VOTE BY MAIL,108002
RECEIVED TOO LATE,NPP,VOTE BY MAIL,128007
RECEIVED TOO LATE,DEM,VOTE BY MAIL,110008
NON-MATCHING SIGNATURE,NPP,VOTE BY MAIL,107005
RECEIVED TOO LATE,DEM,VOTE BY MAIL,103010
RECEIVED TOO LATE,REP,VOTE BY MAIL,117038
NON-MATCHING SIGNATURE,REP,VOTE BY MAIL,117058
RECEIVED TOO LATE,DEM,VOTE BY MAIL,124001
NON-MATCHING SIGNATURE,NPP,VOTE BY MAIL,117010
NON-MATCHING SIGNATURE,REP,VOTE BY MAIL,110001
RECEIVED TOO LATE,AI,VOTE BY MAIL,103008
RECEIVED TOO LATE,REP,VOTE BY MAIL,128015
RECEIVED TOO LATE,NPP,VOTE BY MAIL,103008
RECEIVED TOO LATE,REP,VOTE BY MAIL,124005
RECEIVED TOO LATE,REP,VOTE BY MAIL,128013
RECEIVED TOO LATE,REP,VOTE BY MAIL,104001
NON-MATCHING SIGNATURE,AI,VOTE BY MAIL,102007
NON-MATCHING SIGNATURE,NPP,VOTE BY MAIL,117058
RECEIVED TOO LATE,DEM,VOTE BY MAIL,119001
RECEIVED TOO LATE,NPP,VOTE BY MAIL,128028
RECEIVED TOO LATE,DEM,VOTE BY MAIL,117011
RECEIVED TOO LATE,DEM,VOTE BY MAIL,117064
NON-MATCHING SIGNATURE,DEM,VOTE BY MAIL,128022
NON-MATCHING SIGNATURE,LIB,VOTE BY MAIL,117014
NON-MATCHING SIGNATURE,REP,VOTE BY MAIL,117074
NON-MATCHING SIGNATURE,NPP,VOTE BY MAIL,103004
RECEIVED TOO LATE,LIB,VOTE BY MAIL,117002
RECEIVED TOO LATE,REP,VOTE BY MAIL,128002
NON-MATCHING SIGNATURE,REP,VOTE BY MAIL,105006
NON-MATCHING SIGNATURE,REP,VOTE BY MAIL,124001
RECEIVED TOO LATE,LIB,VOTE BY MAIL,115001
RECEIVED TOO LATE,REP,VOTE BY MAIL,128015
NON-MATCHING SIGNATURE,NPP,VOTE BY MAIL,103002
NON-MATCHING SIGNATURE,NPP,VOTE BY MAIL,128013
RECEIVED TOO LATE,DEM,VOTE BY MAIL,119001
NON-MATCHING SIGNATURE,DEM,VOTE BY MAIL,112005
NON-MATCHING SIGNATURE,REP,VOTE BY MAIL,119001
NON-MATCHING SIGNATURE,REP,VOTE BY MAIL,117090
NON-MATCHING SIGNATURE,REP,VOTE BY MAIL,117091
RECEIVED TOO LATE,AI,VOTE BY MAIL,103005
NON-MATCHING SIGNATURE,DEM,VOTE BY MAIL,117062
NON-MATCHING SIGNATURE,REP,VOTE BY MAIL,112005
RECEIVED TOO LATE,REP,VOTE BY MAIL,128001
RECEIVED TOO LATE,REP,VOTE BY MAIL,128005
RECEIVED TOO LATE,DEM,VOTE BY MAIL,117074
NON-MATCHING SIGNATURE,NPP,VOTE BY MAIL,117014
RECEIVED TOO LATE,DEM,VOTE BY MAIL,124001
NON-MATCHING SIGNATURE,DEM,VOTE BY MAIL,117014
RECEIVED TOO LATE,REP,VOTE BY MAIL,124005
NON-MATCHING SIGNATURE,NPP,VOTE BY MAIL,103001
RECEIVED TOO LATE,REP,VOTE BY MAIL,126008
NON-MATCHING SIGNATURE,REP,VOTE BY MAIL,103002
RECEIVED TOO LATE,REP,VOTE BY MAIL,117010
RECEIVED TOO LATE,REP,VOTE BY MAIL,121009
NON-MATCHING SIGNATURE,REP,VOTE BY MAIL,128015
RECEIVED TOO LATE,NPP,VOTE BY MAIL,128013
NON-MATCHING SIGNATURE,DEM,VOTE BY MAIL,117080
RECEIVED TOO LATE,DEM,VOTE BY MAIL,124001
RECEIVED TOO LATE,DEM,VOTE BY MAIL,117003
NON-MATCHING SIGNATURE,DEM,VOTE BY MAIL,117072
NON-MATCHING SIGNATURE,REP,VOTE BY MAIL,109004
NON-MATCHING SIGNATURE,DEM,VOTE BY MAIL,103004
RECEIVED TOO LATE,DEM,VOTE BY MAIL,115001
RECEIVED TOO LATE,REP,VOTE BY MAIL,123001
NON-MATCHING SIGNATURE,REP,VOTE BY MAIL,117062
RECEIVED TOO LATE,REP,VOTE BY MAIL,128002
NON-MATCHING SIGNATURE,NPP,VOTE BY MAIL,117090
NON-MATCHING SIGNATURE,DEM,VOTE BY MAIL,106009
NON-MATCHING SIGNATURE,NPP,VOTE BY MAIL,128013
RECEIVED TOO LATE,NPP,VOTE BY MAIL,128013
NON-MATCHING SIGNATURE,LIB,VOTE BY MAIL,117029
RECEIVED TOO LATE,DEM,VOTE BY MAIL,117002
RECEIVED TOO LATE,DEM,VOTE BY MAIL,112005
RECEIVED TOO LATE,NPP,VOTE BY MAIL,102003
NON-MATCHING SIGNATURE,REP,VOTE BY MAIL,129001
RECEIVED TOO LATE,REP,VOTE BY MAIL,128002
RECEIVED TOO LATE,DEM,VOTE BY MAIL,117091
NON-MATCHING SIGNATURE,NPP,VOTE BY MAIL,103004
RECEIVED TOO LATE,DEM,VOTE BY MAIL,103010
RECEIVED TOO LATE,REP,VOTE BY MAIL,119001
NON-MATCHING SIGNATURE,PF,VOTE BY MAIL,117038
RECEIVED TOO LATE,DEM,VOTE BY MAIL,117059
NON-MATCHING SIGNATURE,DEM,VOTE BY MAIL,124001
NON-MATCHING SIGNATURE,NPP,VOTE BY MAIL,124005
RECEIVED TOO LATE,NPP,VOTE BY MAIL,117091
NON-MATCHING SIGNATURE,DEM,VOTE BY MAIL,106009
RECEIVED TOO LATE,DEM,VOTE BY MAIL,129001
RECEIVED TOO LATE,GRN,VOTE BY MAIL,102001
NON-MATCHING SIGNATURE,DEM,VOTE BY MAIL,117080
RECEIVED TOO LATE,NPP,VOTE BY MAIL,104001
RECEIVED TOO LATE,REP,VOTE BY MAIL,121001
RECEIVED TOO LATE,DEM,VOTE BY MAIL,124005
RECEIVED TOO LATE,REP,VOTE BY MAIL,128013
NON-MATCHING SIGNATURE,DEM,VOTE BY MAIL,103010
NON-MATCHING SIGNATURE,NPP,VOTE BY MAIL,103008
NON-MATCHING SIGNATURE,AI,VOTE BY MAIL,117001
NON-MATCHING SIGNATURE,REP,VOTE BY MAIL,121009
NON-MATCHING SIGNATURE,NPP,VOTE BY MAIL,117003
RECEIVED TOO LATE,REP,VOTE BY MAIL,105002
RECEIVED TOO LATE,AI,VOTE BY MAIL,110001
NON-MATCHING SIGNATURE,REP,VOTE BY MAIL,128015
RECEIVED TOO LATE,NPP,VOTE BY MAIL,108002
NON-MATCHING SIGNATURE,DEM,VOTE BY MAIL,128013
NON-MATCHING SIGNATURE,DEM,VOTE BY MAIL,110008
NON-MATCHING SIGNATURE,DEM,VOTE BY MAIL,117059
RECEIVED TOO LATE,REP,VOTE BY MAIL,128002
RECEIVED TOO LATE,DEM,VOTE BY MAIL,128028
RECEIVED TOO LATE,DEM,VOTE BY MAIL,117014
NON-MATCHING SIGNATURE,DEM,VOTE BY MAIL,126002
RECEIVED TOO LATE,DEM,VOTE BY MAIL,128028
RECEIVED TOO LATE,DEM,VOTE BY MAIL,103001
RECEIVED TOO LATE,DEM,VOTE BY MAIL,102001
RECEIVED TOO LATE,DEM,VOTE BY MAIL,117003
NON-MATCHING SIGNATURE,REP,VOTE BY MAIL,126008
RECEIVED TOO LATE,DEM,VOTE BY MAIL,117004
NON-MATCHING SIGNATURE,DEM,VOTE BY MAIL,117064
NON-MATCHING SIGNATURE,DEM,VOTE BY MAIL,117002
RECEIVED TOO LATE,DEM,VOTE BY MAIL,117072
RECEIVED TOO LATE,DEM,VOTE BY MAIL,128002
NON-MATCHING SIGNATURE,DEM,VOTE BY MAIL,107005
RECEIVED TOO LATE,DEM,VOTE BY MAIL,117005
NON-MATCHING SIGNATURE,DEM,VOTE BY MAIL,117062
NON-MATCHING SIGNATURE,NPP,VOTE BY MAIL,102001
RECEIVED TOO LATE,NPP,VOTE BY MAIL,106009
RECEIVED TOO LATE,NPP,VOTE BY MAIL,124001
RECEIVED TOO LATE,DEM,VOTE BY MAIL,112005
RECEIVED TOO LATE,AI,VOTE BY MAIL,121003
RECEIVED TOO LATE,REP,VOTE BY MAIL,117014
NON-MATCHING SIGNATURE,DEM,VOTE BY MAIL,117059
RECEIVED TOO LATE,NPP,VOTE BY MAIL,117003
NON-MATCHING SIGNATURE,REP,VOTE BY MAIL,105006
NON-MATCHING SIGNATURE,LIB,VOTE BY MAIL,128001
RECEIVED TOO LATE,DEM,VOTE BY MAIL,126001
NON-MATCHING SIGNATURE,REP,VOTE BY MAIL,128005
RECEIVED TOO LATE,DEM,VOTE BY MAIL,128013
RECEIVED TOO LATE,DEM,VOTE BY MAIL,117003
RECEIVED TOO LATE,NPP,VOTE BY MAIL,117064
NON-MATCHING SIGNATURE,PF,VOTE BY MAIL,117112
NON-MATCHING SIGNATURE,REP,VOTE BY MAIL,117090
RECEIVED TOO LATE,REP,VOTE BY MAIL,105002
RECEIVED TOO LATE,REP,VOTE BY MAIL,106009
RECEIVED TOO LATE,DEM,VOTE BY MAIL,117064
RECEIVED TOO LATE,DEM,VOTE BY MAIL,128028
RECEIVED TOO LATE,DEM,VOTE BY MAIL,117062
RECEIVED TOO LATE,GRN,VOTE BY MAIL,103008
NON-MATCHING SIGNATURE,NPP,VOTE BY MAIL,102007
NON-MATCHING SIGNATURE,REP,VOTE BY MAIL,117001
NON-MATCHING SIGNATURE,REP,VOTE BY MAIL,117104
RECEIVED TOO LATE,NPP,VOTE BY MAIL,111009
RECEIVED TOO LATE,REP,VOTE BY MAIL,117059
RECEIVED TOO LATE,DEM,VOTE BY MAIL,124005
RECEIVED TOO LATE,DEM,VOTE BY MAIL,108002
RECEIVED TOO LATE,NPP,VOTE BY MAIL,126001
RECEIVED TOO LATE,DEM,VOTE BY MAIL,117003
NON-MATCHING SIGNATURE,REP,VOTE BY MAIL,121009
RECEIVED TOO LATE,NPP,VOTE BY MAIL,117002
RECEIVED TOO LATE,DEM,VOTE BY MAIL,103005
RECEIVED TOO LATE,NPP,VOTE BY MAIL,126001
RECEIVED TOO LATE,REP,VOTE BY MAIL,114001
NON-MATCHING SIGNATURE,GRN,VOTE BY MAIL,103005
RECEIVED TOO LATE,DEM,VOTE BY MAIL,106009
RECEIVED TOO LATE,AI,VOTE BY MAIL,128028
RECEIVED TOO LATE,REP,VOTE BY MAIL,102001
NON-MATCHING SIGNATURE,REP,VOTE BY MAIL,117006
NON-MATCHING SIGNATURE,DEM,VOTE BY MAIL,117038
RECEIVED TOO LATE,REP,VOTE BY MAIL,121001
RECEIVED TOO LATE,DEM,VOTE BY MAIL,105002
RECEIVED TOO LATE,NPP,VOTE BY MAIL,103010
RECEIVED TOO LATE,DEM,VOTE BY MAIL,124005
NO VOTER SIGNATURE,DEM,VOTE BY MAIL,117064
RECEIVED TOO LATE,DEM,VOTE BY MAIL,124005
NON-MATCHING SIGNATURE,REP,VOTE BY MAIL,117112
NON-MATCHING SIGNATURE,DEM,VOTE BY MAIL,117004
RECEIVED TOO LATE,REP,VOTE BY MAIL,117029
RECEIVED TOO LATE,NPP,VOTE BY MAIL,117074
RECEIVED TOO LATE,DEM,VOTE BY MAIL,117021
RECEIVED TOO LATE,DEM,VOTE BY MAIL,117064
NON-MATCHING SIGNATURE,DEM,VOTE BY MAIL,117006
RECEIVED TOO LATE,REP,VOTE BY MAIL,126001
RECEIVED TOO LATE,DEM,VOTE BY MAIL,117059
NON-MATCHING SIGNATURE,AI,VOTE BY MAIL,121003
RECEIVED TOO LATE,REP,VOTE BY MAIL,119001
RECEIVED TOO LATE,DEM,VOTE BY MAIL,124005
RECEIVED TOO LATE,DEM,VOTE BY MAIL,117062
RECEIVED TOO LATE,REP,VOTE BY MAIL,121009
NON-MATCHING SIGNATURE,NPP,VOTE BY MAIL,128001
NON-MATCHING SIGNATURE,DEM,VOTE BY MAIL,105002
NON-MATCHING SIGNATURE,REP,VOTE BY MAIL,128008
RECEIVED TOO LATE,DEM,VOTE BY MAIL,106009
NON-MATCHING SIGNATURE,NPP,VOTE BY MAIL,124005
RECEIVED TOO LATE,DEM,VOTE BY MAIL,119001
NON-MATCHING SIGNATURE,NPP,VOTE BY MAIL,117004
RECEIVED TOO LATE,DEM,VOTE BY MAIL,128028
RECEIVED TOO LATE,DEM,VOTE BY MAIL,119001
NON-MATCHING SIGNATURE,REP,VOTE BY MAIL,105002
RECEIVED TOO LATE,DEM,VOTE BY MAIL,123001
RECEIVED TOO LATE,REP,VOTE BY MAIL,126001
RECEIVED TOO LATE,DEM,VOTE BY MAIL,126001
NON-MATCHING SIGNATURE,NPP,VOTE BY MAIL,128008
RECEIVED TOO LATE,DEM,VOTE BY MAIL,126002
NON-MATCHING SIGNATURE,REP,VOTE BY MAIL,117080
RECEIVED TOO LATE,DEM,VOTE BY MAIL,117062
NON-MATCHING SIGNATURE,DEM,VOTE BY MAIL,117090
NON-MATCHING SIGNATURE,DEM,VOTE BY MAIL,117021
NON-MATCHING SIGNATURE,REP,VOTE BY MAIL,104001
RECEIVED TOO LATE,DEM,VOTE BY MAIL,117029
NO VOTER SIGNATURE,NPP,VOTE BY MAIL,117091
RECEIVED TOO LATE,NPP,VOTE BY MAIL,121003
RECEIVED TOO LATE,REP,VOTE BY MAIL,115001
RECEIVED TOO LATE,DEM,VOTE BY MAIL,128013
RECEIVED TOO LATE,NPP,VOTE BY MAIL,106009
RECEIVED TOO LATE,REP,VOTE BY MAIL,128022
RECEIVED TOO LATE,DEM,VOTE BY MAIL,112005
RECEIVED TOO LATE,REP,VOTE BY MAIL,117038
NON-MATCHING SIGNATURE,DEM,VOTE BY MAIL,117005
NON-MATCHING SIGNATURE,REP,VOTE BY MAIL,117064
NON-MATCHING SIGNATURE,DEM,VOTE BY MAIL,128015
RECEIVED TOO LATE,DEM,VOTE BY MAIL,126002
RECEIVED TOO LATE,REP,VOTE BY MAIL,103008
RECEIVED TOO LATE,NPP,VOTE BY MAIL,126001
NON-MATCHING SIGNATURE,DEM,VOTE BY MAIL,117010
RECEIVED TOO LATE,DEM,VOTE BY MAIL,103004
RECEIVED TOO LATE,DEM,VOTE BY MAIL,128008
RECEIVED TOO LATE,DEM,VOTE BY MAIL,124005
NON-MATCHING SIGNATURE,DEM,VOTE BY MAIL,107005
RECEIVED TOO LATE,NPP,VOTE BY MAIL,102003
RECEIVED TOO LATE,DEM,VOTE BY MAIL,102003
NON-MATCHING SIGNATURE,DEM,VOTE BY MAIL,117064
RECEIVED TOO LATE,LIB,VOTE BY MAIL,128022
NON-MATCHING SIGNATURE,DEM,VOTE BY MAIL,117104
NON-MATCHING SIGNATURE,DEM,VOTE BY MAIL,103005
RECEIVED TOO LATE,DEM,VOTE BY MAIL,103005
NON-MATCHING SIGNATURE,AI,VOTE BY MAIL,128013
NON-MATCHING SIGNATURE,DEM,VOTE BY MAIL,128022
NON-MATCHING SIGNATURE,REP,VOTE BY MAIL,124003
NON-MATCHING SIGNATURE,DEM,VOTE BY MAIL,117010
NON-MATCHING SIGNATURE,REP,VOTE BY MAIL,126008
RECEIVED TOO LATE,DEM,VOTE BY MAIL,117090
RECEIVED TOO LATE,DEM,VOTE BY MAIL,121003
NON-MATCHING SIGNATURE,DEM,VOTE BY MAIL,106009
RECEIVED TOO LATE,REP,VOTE BY MAIL,117011
RECEIVED TOO LATE,DEM,VOTE BY MAIL,117104
RECEIVED TOO LATE,NPP,VOTE BY MAIL,119001
RECEIVED TOO LATE,NPP,VOTE BY MAIL,117112
RECEIVED TOO LATE,DEM,VOTE BY MAIL,117074
RECEIVED TOO LATE,NPP,VOTE BY MAIL,108002
RECEIVED TOO LATE,AI,VOTE BY MAIL,128008
RECEIVED TOO LATE,REP,VOTE BY MAIL,128015
RECEIVED TOO LATE,REP,VOTE BY MAIL,128002
RECEIVED TOO LATE,REP,VOTE BY MAIL,107010
RECEIVED TOO LATE,REP,VOTE BY MAIL,117104
NON-MATCHING SIGNATURE,DEM,VOTE BY MAIL,117038
RECEIVED TOO LATE,AI,VOTE BY MAIL,106009
NON-MATCHING SIGNATURE,DEM,VOTE BY MAIL,117088
NON-MATCHING SIGNATURE,REP,VOTE BY MAIL,103005
RECEIVED TOO LATE,NPP,VOTE BY MAIL,117080
NON-MATCHING SIGNATURE,DEM,VOTE BY MAIL,107010
RECEIVED TOO LATE,REP,VOTE BY MAIL,115001
NON-MATCHING SIGNATURE,DEM,VOTE BY MAIL,121009
NON-MATCHING SIGNATURE,DEM,VOTE BY MAIL,124003
RECEIVED TOO LATE,DEM,VOTE BY MAIL,128022
NON-MATCHING SIGNATURE,DEM,VOTE BY MAIL,117003
NON-MATCHING SIGNATURE,REP,VOTE BY MAIL,117104
NON-MATCHING SIGNATURE,REP,VOTE BY MAIL,117047
NON-MATCHING SIGNATURE,AI,VOTE BY MAIL,128013
RECEIVED TOO LATE,DEM,VOTE BY MAIL,117072
RECEIVED TOO LATE,DEM,VOTE BY MAIL,124005
RECEIVED TOO LATE,REP,VOTE BY MAIL,105002
NON-MATCHING SIGNATURE,DEM,VOTE BY MAIL,128005
RECEIVED TOO LATE,REP,VOTE BY MAIL,117009
RECEIVED TOO LATE,NPP,VOTE BY MAIL,126002
NON-MATCHING SIGNATURE,REP,VOTE BY MAIL,128008
RECEIVED TOO LATE,AI,VOTE BY MAIL,110008
RECEIVED TOO LATE,REP,VOTE BY MAIL,117072
RECEIVED TOO LATE,NPP,VOTE BY MAIL,108004
RECEIVED TOO LATE,DEM,VOTE BY MAIL,126002
RECEIVED TOO LATE,REP,VOTE BY MAIL,106009
RECEIVED TOO LATE,NPP,VOTE BY MAIL,117091
RECEIVED TOO LATE,NPP,VOTE BY MAIL,108002
NON-MATCHING SIGNATURE,NPP,VOTE BY MAIL,117064
NON-MATCHING SIGNATURE,REP,VOTE BY MAIL,106009
NON-MATCHING SIGNATURE,DEM,VOTE BY MAIL,119001
NON-MATCHING SIGNATURE,DEM,VOTE BY MAIL,103005
NON-MATCHING SIGNATURE,REP,VOTE BY MAIL,103002
RECEIVED TOO LATE,REP,VOTE BY MAIL,117112
RECEIVED TOO LATE,REP,VOTE BY MAIL,105003
NON-MATCHING SIGNATURE,REP,VOTE BY MAIL,117007
RECEIVED TOO LATE,DEM,VOTE BY MAIL,117004
RECEIVED TOO LATE,DEM,VOTE BY MAIL,105002
NON-MATCHING SIGNATURE,DEM,VOTE BY MAIL,126002
NON-MATCHING SIGNATURE,NPP,VOTE BY MAIL,126002
NON-MATCHING SIGNATURE,NPP,VOTE BY MAIL,128022
NON-MATCHING SIGNATURE,REP,VOTE BY MAIL,128008
RECEIVED TOO LATE,NPP,VOTE BY MAIL,128002
RECEIVED TOO LATE,REP,VOTE BY MAIL,106001
RECEIVED TOO LATE,REP,VOTE BY MAIL,119001
NON-MATCHING SIGNATURE,NPP,VOTE BY MAIL,107010
NON-MATCHING SIGNATURE,NPP,VOTE BY MAIL,103008
RECEIVED TOO LATE,DEM,VOTE BY MAIL,117029
RECEIVED TOO LATE,REP,VOTE BY MAIL,114001
NON-MATCHING SIGNATURE,REP,VOTE BY MAIL,106009
RECEIVED TOO LATE,DEM,VOTE BY MAIL,117090
NON-MATCHING SIGNATURE,REP,VOTE BY MAIL,121001
RECEIVED TOO LATE,DEM,VOTE BY MAIL,104001
NON-MATCHING SIGNATURE,DEM,VOTE BY MAIL,126002
NON-MATCHING SIGNATURE,DEM,VOTE BY MAIL,121003
RECEIVED TOO LATE,DEM,VOTE BY MAIL,128015
RECEIVED TOO LATE,REP,VOTE BY MAIL,108004
NON-MATCHING SIGNATURE,DEM,VOTE BY MAIL,108002
RECEIVED TOO LATE,REP,VOTE BY MAIL,115001
RECEIVED TOO LATE,REP,VOTE BY MAIL,117014
NON-MATCHING SIGNATURE,NPP,VOTE BY MAIL,117090
RECEIVED TOO LATE,REP,VOTE BY MAIL,106009
NON-MATCHING SIGNATURE,NPP,VOTE BY MAIL,117090
RECEIVED TOO LATE,DEM,VOTE BY MAIL,103005
RECEIVED TOO LATE,AI,VOTE BY MAIL,109004
RECEIVED TOO LATE,DEM,VOTE BY MAIL,117074
NO VOTER SIGNATURE,REP,VOTE BY MAIL,128007
RECEIVED TOO LATE,AI,VOTE BY MAIL,109004
RECEIVED TOO LATE,REP,VOTE BY MAIL,128002
RECEIVED TOO LATE,DEM,VOTE BY MAIL,112005
RECEIVED TOO LATE,NPP,VOTE BY MAIL,117088
NON-MATCHING SIGNATURE,REP,VOTE BY MAIL,117104
RECEIVED TOO LATE,DEM,VOTE BY MAIL,124001
NON-MATCHING SIGNATURE,DEM,VOTE BY MAIL,102003
RECEIVED TOO LATE,DEM,VOTE BY MAIL,117064
NO VOTER SIGNATURE,DEM,VOTE BY MAIL,117080
RECEIVED TOO LATE,DEM,VOTE BY MAIL,128002
RECEIVED TOO LATE,AI,VOTE BY MAIL,117091
RECEIVED TOO LATE,DEM,VOTE BY MAIL,117090
RECEIVED TOO LATE,NPP,VOTE BY MAIL,103005
RECEIVED TOO LATE,REP,VOTE BY MAIL,132002
NON-MATCHING SIGNATURE,REP,VOTE BY MAIL,110008
RECEIVED TOO LATE,NPP,VOTE BY MAIL,128028
RECEIVED TOO LATE,REP,VOTE BY MAIL,117007
RECEIVED TOO LATE,NPP,VOTE BY MAIL,103010
NON-MATCHING SIGNATURE,DEM,VOTE BY MAIL,117058
RECEIVED TOO LATE,DEM,VOTE BY MAIL,117002
RECEIVED TOO LATE,DEM,VOTE BY MAIL,117038
NON-MATCHING SIGNATURE,REP,VOTE BY MAIL,108004
RECEIVED TOO LATE,REP,VOTE BY MAIL,132002
NON-MATCHING SIGNATURE,LIB,VOTE BY MAIL,128013
RECEIVED TOO LATE,DEM,VOTE BY MAIL,108002
NON-MATCHING SIGNATURE,NPP,VOTE BY MAIL,128015
NON-MATCHING SIGNATURE,DEM,VOTE BY MAIL,128005
RECEIVED TOO LATE,DEM,VOTE BY MAIL,117010
NON-MATCHING SIGNATURE,REP,VOTE BY MAIL,129001
RECEIVED TOO LATE,AI,VOTE BY MAIL,115001
RECEIVED TOO LATE,NPP,VOTE BY MAIL,117014
RECEIVED TOO LATE,DEM,VOTE BY MAIL,117112
RECEIVED TOO LATE,REP,VOTE BY MAIL,124001
NON-MATCHING SIGNATURE,DEM,VOTE BY MAIL,101001
RECEIVED TOO LATE,DEM,VOTE BY MAIL,121009
NON-MATCHING SIGNATURE,REP,VOTE BY MAIL,121003
NON-MATCHING SIGNATURE,DEM,VOTE BY MAIL,117112
NON-MATCHING SIGNATURE,REP,VOTE BY MAIL,115001
NON-MATCHING SIGNATURE,DEM,VOTE BY MAIL,103005
RECEIVED TOO LATE,REP,VOTE BY MAIL,128015
RECEIVED TOO LATE,REP,VOTE BY MAIL,126001
RECEIVED TOO LATE,AI,VOTE BY MAIL,117038
RECEIVED TOO LATE,DEM,VOTE BY MAIL,117091
RECEIVED TOO LATE,REP,VOTE BY MAIL,121003
NO VOTER SIGNATURE,DEM,VOTE BY MAIL,124005
RECEIVED TOO LATE,REP,VOTE BY MAIL,117006
RECEIVED TOO LATE,NPP,VOTE BY MAIL,128028
NON-MATCHING SIGNATURE,NPP,VOTE BY MAIL,110001
RECEIVED TOO LATE,DEM,VOTE BY MAIL,117006
NON-MATCHING SIGNATURE,NPP,VOTE BY MAIL,126008
RECEIVED TOO LATE,REP,VOTE BY MAIL,126001
RECEIVED TOO LATE,DEM,VOTE BY MAIL,117010
RECEIVED TOO LATE,REP,VOTE BY MAIL,126001
RECEIVED TOO LATE,REP,VOTE BY MAIL,117014
RECEIVED TOO LATE,NPP,VOTE BY MAIL,108002
NON-MATCHING SIGNATURE,DEM,VOTE BY MAIL,117104
NON-MATCHING SIGNATURE,NPP,VOTE BY MAIL,117064
RECEIVED TOO LATE,NPP,VOTE BY MAIL,128015
RECEIVED TOO LATE,DEM,VOTE BY MAIL,117074
RECEIVED TOO LATE,DEM,VOTE BY MAIL,128007
RECEIVED TOO LATE,NPP,VOTE BY MAIL,129001
RECEIVED TOO LATE,DEM,VOTE BY MAIL,117080
RECEIVED TOO LATE,AI,VOTE BY MAIL,117080
RECEIVED TOO LATE,DEM,VOTE BY MAIL,117059
NON-MATCHING SIGNATURE,DEM,VOTE BY MAIL,117011
NON-MATCHING SIGNATURE,NPP,VOTE BY MAIL,117088
RECEIVED TOO LATE,REP,VOTE BY MAIL,121001
RECEIVED TOO LATE,REP,VOTE BY MAIL,121003
RECEIVED TOO LATE,NPP,VOTE BY MAIL,103001
RECEIVED TOO LATE,REP,VOTE BY MAIL,103008
NON-MATCHING SIGNATURE,DEM,VOTE BY MAIL,117047
NON-MATCHING SIGNATURE,DEM,VOTE BY MAIL,126008
NON-MATCHING SIGNATURE,REP,VOTE BY MAIL,107010
NON-MATCHING SIGNATURE,REP,VOTE BY MAIL,103010
RECEIVED TOO LATE,REP,VOTE BY MAIL,102012
NON-MATCHING SIGNATURE,NPP,VOTE BY MAIL,117009
NON-MATCHING SIGNATURE,REP,VOTE BY MAIL,117059
NON-MATCHING SIGNATURE,DEM,VOTE BY MAIL,117104
RECEIVED TOO LATE,DEM,VOTE BY MAIL,124003
NO VOTER SIGNATURE,REP,VOTE BY MAIL,114001
NON-MATCHING SIGNATURE,DEM,VOTE BY MAIL,124003
NON-MATCHING SIGNATURE,DEM,VOTE BY MAIL,126001
RECEIVED TOO LATE,DEM,VOTE BY MAIL,124001
RECEIVED TOO LATE,DEM,VOTE BY MAIL,124001
RECEIVED TOO LATE,DEM,VOTE BY MAIL,117064
NON-MATCHING SIGNATURE,DEM,VOTE BY MAIL,126002
NON-MATCHING SIGNATURE,REP,VOTE BY MAIL,117058
RECEIVED TOO LATE,DEM,VOTE BY MAIL,103002
RECEIVED TOO LATE,NPP,VOTE BY MAIL,108002
RECEIVED TOO LATE,NPP,VOTE BY MAIL,121009
NON-MATCHING SIGNATURE,DEM,VOTE BY MAIL,106009
NON-MATCHING SIGNATURE,REP,VOTE BY MAIL,121009
RECEIVED TOO LATE,REP,VOTE BY MAIL,117002
RECEIVED TOO LATE,REP,VOTE BY MAIL,110001
RECEIVED TOO LATE,REP,VOTE BY MAIL,117112
NON-MATCHING SIGNATURE,REP,VOTE BY MAIL,128022
RECEIVED TOO LATE,NPP,VOTE BY MAIL,117010
NON-MATCHING SIGNATURE,DEM,VOTE BY MAIL,117072
RECEIVED TOO LATE,AI,VOTE BY MAIL,112005
RECEIVED TOO LATE,DEM,VOTE BY MAIL,117014
RECEIVED TOO LATE,DEM,VOTE BY MAIL,128001
RECEIVED TOO LATE,DEM,VOTE BY MAIL,117088
NON-MATCHING SIGNATURE,NPP,VOTE BY MAIL,103002
RECEIVED TOO LATE,AI,VOTE BY MAIL,107010
RECEIVED TOO LATE,DEM,VOTE BY MAIL,117091
RECEIVED TOO LATE,LIB,VOTE BY MAIL,107005
RECEIVED TOO LATE,REP,VOTE BY MAIL,103002
RECEIVED TOO LATE,REP,VOTE BY MAIL,128001
RECEIVED TOO LATE,NPP,VOTE BY MAIL,126001
NON-MATCHING SIGNATURE,NPP,VOTE BY MAIL,121001
RECEIVED TOO LATE,DEM,VOTE BY MAIL,117047
NON-MATCHING SIGNATURE,DEM,VOTE BY MAIL,103001
RECEIVED TOO LATE,NPP,VOTE BY MAIL,103010
NO VOTER SIGNATURE,NPP,VOTE BY MAIL,124001
RECEIVED TOO LATE,NPP,VOTE BY MAIL,117059
RECEIVED TOO LATE,AI,VOTE BY MAIL,128005
RECEIVED TOO LATE,NPP,VOTE BY MAIL,117047
RECEIVED TOO LATE,REP,VOTE BY MAIL,124005
RECEIVED TOO LATE,PF,VOTE BY MAIL,128013
NON-MATCHING SIGNATURE,REP,VOTE BY MAIL,117058
NON-MATCHING SIGNATURE,DEM,VOTE BY MAIL,126008
RECEIVED TOO LATE,DEM,VOTE BY MAIL,128013
NON-MATCHING SIGNATURE,AI,VOTE BY MAIL,117014
RECEIVED TOO LATE,DEM,VOTE BY MAIL,103005
RECEIVED TOO LATE,DEM,VOTE BY MAIL,103001
RECEIVED TOO LATE,REP,VOTE BY MAIL,128022
NON-MATCHING SIGNATURE,DEM,VOTE BY MAIL,124003
NON-MATCHING SIGNATURE,DEM,VOTE BY MAIL,110008
NON-MATCHING SIGNATURE,REP,VOTE BY MAIL,126008
RECEIVED TOO LATE,DEM,VOTE BY MAIL,117064
NON-MATCHING SIGNATURE,DEM,VOTE BY MAIL,132002
RECEIVED TOO LATE,REP,VOTE BY MAIL,121003
NON-MATCHING SIGNATURE,NPP,VOTE BY MAIL,129001
NON-MATCHING SIGNATURE,DEM,VOTE BY MAIL,117038
RECEIVED TOO LATE,DEM,VOTE BY MAIL,117080
NON-MATCHING SIGNATURE,PF,VOTE BY MAIL,132002
NON-MATCHING SIGNATURE,NPP,VOTE BY MAIL,121001
NON-MATCHING SIGNATURE,REP,VOTE BY MAIL,114001
NON-MATCHING SIGNATURE,NPP,VOTE BY MAIL,117058
NON-MATCHING SIGNATURE,DEM,VOTE BY MAIL,117009
NON-MATCHING SIGNATURE,DEM,VOTE BY MAIL,103005
NON-MATCHING SIGNATURE,REP,VOTE BY MAIL,128015
RECEIVED TOO LATE,DEM,VOTE BY MAIL,117003
NON-MATCHING SIGNATURE,REP,VOTE BY MAIL,117062
RECEIVED TOO LATE,DEM,VOTE BY MAIL,117064
RECEIVED TOO LATE,DEM,VOTE BY MAIL,117112
NON-MATCHING SIGNATURE,REP,VOTE BY MAIL,119001
NON-MATCHING SIGNATURE,DEM,VOTE BY MAIL,105002
RECEIVED TOO LATE,DEM,VOTE BY MAIL,117059
RECEIVED TOO LATE,NPP,VOTE BY MAIL,121003
NON-MATCHING SIGNATURE,NPP,VOTE BY MAIL,129001
RECEIVED TOO LATE,DEM,VOTE BY MAIL,124005
NON-MATCHING SIGNATURE,REP,VOTE BY MAIL,117072
RECEIVED TOO LATE,AI,VOTE BY MAIL,119001
RECEIVED TOO LATE,AI,VOTE BY MAIL,128001
NON-MATCHING SIGNATURE,REP,VOTE BY MAIL,117064
NON-MATCHING SIGNATURE,REP,VOTE BY MAIL,114001
RECEIVED TOO LATE,REP,VOTE BY MAIL,128005
NON-MATCHING SIGNATURE,NPP,VOTE BY MAIL,128028
NON-MATCHING SIGNATURE,PF,VOTE BY MAIL,112005
NON-MATCHING SIGNATURE,DEM,VOTE BY MAIL,117064
NON-MATCHING SIGNATURE,REP,VOTE BY MAIL,117072
NON-MATCHING SIGNATURE,LIB,VOTE BY MAIL,102001
NON-MATCHING SIGNATURE,AI,VOTE BY MAIL,117072
NON-MATCHING SIGNATURE,NPP,VOTE BY MAIL,129001
NON-MATCHING SIGNATURE,REP,VOTE BY MAIL,114001
NON-MATCHING SIGNATURE,NPP,VOTE BY MAIL,117112
NON-MATCHING SIGNATURE,DEM,VOTE BY MAIL,103008
NON-MATCHING SIGNATURE,NPP,VOTE BY MAIL,117090
RECEIVED TOO LATE,REP,VOTE BY MAIL,128022
NON-MATCHING SIGNATURE,REP,VOTE BY MAIL,117006
NON-MATCHING SIGNATURE,REP,VOTE BY MAIL,117072
NON-MATCHING SIGNATURE,NPP,VOTE BY MAIL,128001
RECEIVED TOO LATE,AI,VOTE BY MAIL,117009
NON-MATCHING SIGNATURE,REP,VOTE BY MAIL,128028
NON-MATCHING SIGNATURE,DEM,VOTE BY MAIL,117059
RECEIVED TOO LATE,REP,VOTE BY MAIL,121001
RECEIVED TOO LATE,NPP,VOTE BY MAIL,117011
RECEIVED TOO LATE,REP,VOTE BY MAIL,119001
NON-MATCHING SIGNATURE,NPP,VOTE BY MAIL,117010
RECEIVED TOO LATE,REP,VOTE BY MAIL,105006
NON-MATCHING SIGNATURE,NPP,VOTE BY MAIL,117038
RECEIVED TOO LATE,DEM,VOTE BY MAIL,124001
RECEIVED TOO LATE,REP,VOTE BY MAIL,128028
RECEIVED TOO LATE,DEM,VOTE BY MAIL,107005
NON-MATCHING SIGNATURE,NPP,VOTE BY MAIL,117074
RECEIVED TOO LATE,REP,VOTE BY MAIL,117021
RECEIVED TOO LATE,REP,VOTE BY MAIL,106009
NON-MATCHING SIGNATURE,DEM,VOTE BY MAIL,105002
RECEIVED TOO LATE,DEM,VOTE BY MAIL,124001
NON-MATCHING SIGNATURE,REP,VOTE BY MAIL,128008
RECEIVED TOO LATE,REP,VOTE BY MAIL,126001
RECEIVED TOO LATE,REP,VOTE BY MAIL,105002
RECEIVED TOO LATE,NPP,VOTE BY MAIL,117088
RECEIVED TOO LATE,REP,VOTE BY MAIL,128022
NON-MATCHING SIGNATURE,REP,VOTE BY MAIL,115001
RECEIVED TOO LATE,DEM,VOTE BY MAIL,128013
NON-MATCHING SIGNATURE,REP,VOTE BY MAIL,103002
RECEIVED TOO LATE,DEM,VOTE BY MAIL,103005
RECEIVED TOO LATE,DEM,VOTE BY MAIL,128028
RECEIVED TOO LATE,REP,VOTE BY MAIL,108002
RECEIVED TOO LATE,REP,VOTE BY MAIL,108002
RECEIVED TOO LATE,DEM,VOTE BY MAIL,103008
RECEIVED TOO LATE,REP,VOTE BY MAIL,121003
RECEIVED TOO LATE,REP,VOTE BY MAIL,107010
RECEIVED TOO LATE,DEM,VOTE BY MAIL,117014
RECEIVED TOO LATE,NPP,VOTE BY MAIL,126001
RECEIVED TOO LATE,DEM,VOTE BY MAIL,128028
RECEIVED TOO LATE,REP,VOTE BY MAIL,123001
RECEIVED TOO LATE,DEM,VOTE BY MAIL,117058
RECEIVED TOO LATE,AI,VOTE BY MAIL,117021
NON-MATCHING SIGNATURE,NPP,VOTE BY MAIL,117007
RECEIVED TOO LATE,DEM,VOTE BY MAIL,117112
NON-MATCHING SIGNATURE,REP,VOTE BY MAIL,117059
RECEIVED TOO LATE,NPP,VOTE BY MAIL,110001
RECEIVED TOO LATE,DEM,VOTE BY MAIL,126008
RECEIVED TOO LATE,DEM,VOTE BY MAIL,121003
NON-MATCHING SIGNATURE,NPP,VOTE BY MAIL,102001
NON-MATCHING SIGNATURE,AI,VOTE BY MAIL,117074
NON-MATCHING SIGNATURE,DEM,VOTE BY MAIL,117011
RECEIVED TOO LATE,DEM,VOTE BY MAIL,124005
RECEIVED TOO LATE,DEM,VOTE BY MAIL,117009
NON-MATCHING SIGNATURE,NPP,VOTE BY MAIL,117059
RECEIVED TOO LATE,REP,VOTE BY MAIL,117064
RECEIVED TOO LATE,REP,VOTE BY MAIL,126001
NON-MATCHING SIGNATURE,REP,VOTE BY MAIL,117014
NON-MATCHING SIGNATURE,DEM,VOTE BY MAIL,117072
NO VOTER SIGNATURE,REP,VOTE BY MAIL,105002
NON-MATCHING SIGNATURE,NPP,VOTE BY MAIL,108004
RECEIVED TOO LATE,REP,VOTE BY MAIL,103004
RECEIVED TOO LATE,REP,VOTE BY MAIL,117104
NON-MATCHING SIGNATURE,REP,VOTE BY MAIL,117091
RECEIVED TOO LATE,NPP,VOTE BY MAIL,124005
NON-MATCHING SIGNATURE,DEM,VOTE BY MAIL,103008
RECEIVED TOO LATE,REP,VOTE BY MAIL,117112
RECEIVED TOO LATE,DEM,VOTE BY MAIL,121001
NON-MATCHING SIGNATURE,REP,VOTE BY MAIL,126008
RECEIVED TOO LATE,REP,VOTE BY MAIL,124005
NON-MATCHING SIGNATURE,AI,VOTE BY MAIL,117090
NON-MATCHING SIGNATURE,REP,VOTE BY MAIL,107001
NON-MATCHING SIGNATURE,DEM,VOTE BY MAIL,117029
NON-MATCHING SIGNATURE,DEM,VOTE BY MAIL,117004
NON-MATCHING SIGNATURE,NPP,VOTE BY MAIL,107005
NON-MATCHING SIGNATURE,NPP,VOTE BY MAIL,121003
RECEIVED TOO LATE,AI,VOTE BY MAIL,124005
NON-MATCHING SIGNATURE,DEM,VOTE BY MAIL,124005
RECEIVED TOO LATE,DEM,VOTE BY MAIL,124003
RECEIVED TOO LATE,REP,VOTE BY MAIL,117021
RECEIVED TOO LATE,NPP,VOTE BY MAIL,103005
RECEIVED TOO LATE,LIB,VOTE BY MAIL,117021
NON-MATCHING SIGNATURE,REP,VOTE BY MAIL,117011
RECEIVED TOO LATE,DEM,VOTE BY MAIL,117010
RECEIVED TOO LATE,REP,VOTE BY MAIL,110001
RECEIVED TOO LATE,NPP,VOTE BY MAIL,104001
NON-MATCHING SIGNATURE,DEM,VOTE BY MAIL,117009
NON-MATCHING SIGNATURE,REP,VOTE BY MAIL,117090
RECEIVED TOO LATE,NPP,VOTE BY MAIL,126002
RECEIVED TOO LATE,DEM,VOTE BY MAIL,128005
NON-MATCHING SIGNATURE,REP,VOTE BY MAIL,109004
NON-MATCHING SIGNATURE,DEM,VOTE BY MAIL,126008
NON-MATCHING SIGNATURE,NPP,VOTE BY MAIL,124005
RECEIVED TOO LATE,REP,VOTE BY MAIL,110008
NON-MATCHING SIGNATURE,DEM,VOTE BY MAIL,108004
NON-MATCHING SIGNATURE,DEM,VOTE BY MAIL,107005
NON-MATCHING SIGNATURE,REP,VOTE BY MAIL,126008
NON-MATCHING SIGNATURE,DEM,VOTE BY MAIL,108002
NON-MATCHING SIGNATURE,NPP,VOTE BY MAIL,124005
RECEIVED TOO LATE,DEM,VOTE BY MAIL,103005
NON-MATCHING SIGNATURE,DEM,VOTE BY MAIL,109004
NON-MATCHING SIGNATURE,NPP,VOTE BY MAIL,115001
RECEIVED TOO LATE,NPP,VOTE BY MAIL,117010
NON-MATCHING SIGNATURE,REP,VOTE BY MAIL,103008
RECEIVED TOO LATE,REP,VOTE BY MAIL,103005
RECEIVED TOO LATE,REP,VOTE BY MAIL,117004
RECEIVED TOO LATE,REP,VOTE BY MAIL,106009
NON-MATCHING SIGNATURE,DEM,VOTE BY MAIL,117080
RECEIVED TOO LATE,DEM,VOTE BY MAIL,128028
RECEIVED TOO LATE,AI,VOTE BY MAIL,112005
RECEIVED TOO LATE,NPP,VOTE BY MAIL,128028
RECEIVED TOO LATE,REP,VOTE BY MAIL,115001
NON-MATCHING SIGNATURE,NPP,VOTE BY MAIL,128008
RECEIVED TOO LATE,NPP,VOTE BY MAIL,117080
RECEIVED TOO LATE,NPP,VOTE BY MAIL,126002
NON-MATCHING SIGNATURE,REP,VOTE BY MAIL,121003
RECEIVED TOO LATE,REP,VOTE BY MAIL,117014
NON-MATCHING SIGNATURE,DEM,VOTE BY MAIL,117064
NON-MATCHING SIGNATURE,NPP,VOTE BY MAIL,117059
RECEIVED TOO LATE,DEM,VOTE BY MAIL,117004
RECEIVED TOO LATE,REP,VOTE BY MAIL,110001
RECEIVED TOO LATE,DEM,VOTE BY MAIL,117074
RECEIVED TOO LATE,NPP,VOTE BY MAIL,128005
NON-MATCHING SIGNATURE,DEM,VOTE BY MAIL,117038
NON-MATCHING SIGNATURE,REP,VOTE BY MAIL,117090
NON-MATCHING SIGNATURE,NPP,VOTE BY MAIL,126001
RECEIVED TOO LATE,DEM,VOTE BY MAIL,117014
NON-MATCHING SIGNATURE,REP,VOTE BY MAIL,117038
RECEIVED TOO LATE,DEM,VOTE BY MAIL,128022
NON-MATCHING SIGNATURE,REP,VOTE BY MAIL,103009
NON-MATCHING SIGNATURE,DEM,VOTE BY MAIL,129001
RECEIVED TOO LATE,AI,VOTE BY MAIL,126001
NON-MATCHING SIGNATURE,REP,VOTE BY MAIL,121003
NON-MATCHING SIGNATURE,DEM,VOTE BY MAIL,121001
NON-MATCHING SIGNATURE,GRN,VOTE BY MAIL,117011
NON-MATCHING SIGNATURE,DEM,VOTE BY MAIL,112005
RECEIVED TOO LATE,DEM,VOTE BY MAIL,117038
RECEIVED TOO LATE,DEM,VOTE BY MAIL,119001
RECEIVED TOO LATE,AI,VOTE BY MAIL,124003
NON-MATCHING SIGNATURE,REP,VOTE BY MAIL,126008
RECEIVED TOO LATE,NPP,VOTE BY MAIL,102001
RECEIVED TOO LATE,NPP,VOTE BY MAIL,108002
NON-MATCHING SIGNATURE,NPP,VOTE BY MAIL,128028
NON-MATCHING SIGNATURE,DEM,VOTE BY MAIL,117059
RECEIVED TOO LATE,NPP,VOTE BY MAIL,117080
NON-MATCHING SIGNATURE,REP,VOTE BY MAIL,121003
RECEIVED TOO LATE,NPP,VOTE BY MAIL,128015
RECEIVED TOO LATE,NPP,VOTE BY MAIL,117064
NON-MATCHING SIGNATURE,DEM,VOTE BY MAIL,126001
NON-MATCHING SIGNATURE,DEM,VOTE BY MAIL,103004
RECEIVED TOO LATE,NPP,VOTE BY MAIL,128028
NON-MATCHING SIGNATURE,NPP,VOTE BY MAIL,117074
NON-MATCHING SIGNATURE,REP,VOTE BY MAIL,128015
NON-MATCHING SIGNATURE,DEM,VOTE BY MAIL,124001
NON-MATCHING SIGNATURE,REP,VOTE BY MAIL,115001
RECEIVED TOO LATE,AI,VOTE BY MAIL,117021
RECEIVED TOO LATE,DEM,VOTE BY MAIL,124001
RECEIVED TOO LATE,DEM,VOTE BY MAIL,126001
NON-MATCHING SIGNATURE,NPP,VOTE BY MAIL,126008
RECEIVED TOO LATE,NPP,VOTE BY MAIL,119001
NON-MATCHING SIGNATURE,NPP,VOTE BY MAIL,102007
NON-MATCHING SIGNATURE,NPP,VOTE BY MAIL,117014
NON-MATCHING SIGNATURE,REP,VOTE BY MAIL,105003
NON-MATCHING SIGNATURE,NPP,VOTE BY MAIL,132002
NON-MATCHING SIGNATURE,REP,VOTE BY MAIL,108001
RECEIVED TOO LATE,DEM,VOTE BY MAIL,117009
RECEIVED TOO LATE,REP,VOTE BY MAIL,117002
NON-MATCHING SIGNATURE,REP,VOTE BY MAIL,129001
RECEIVED TOO LATE,NPP,VOTE BY MAIL,117104
NON-MATCHING SIGNATURE,DEM,VOTE BY MAIL,124003
RECEIVED TOO LATE,DEM,VOTE BY MAIL,124005
NON-MATCHING SIGNATURE,REP,VOTE BY MAIL,105002
NON-MATCHING SIGNATURE,AI,VOTE BY MAIL,102001
NON-MATCHING SIGNATURE,REP,VOTE BY MAIL,128022
RECEIVED TOO LATE,REP,VOTE BY MAIL,124005
RECEIVED TOO LATE,REP,VOTE BY MAIL,124005
RECEIVED TOO LATE,REP,VOTE BY MAIL,128002
NON-MATCHING SIGNATURE,DEM,VOTE BY MAIL,124003
RECEIVED TOO LATE,DEM,VOTE BY MAIL,107005
NON-MATCHING SIGNATURE,REP,VOTE BY MAIL,112005
RECEIVED TOO LATE,DEM,VOTE BY MAIL,117074
NON-MATCHING SIGNATURE,NPP,VOTE BY MAIL,110001
RECEIVED TOO LATE,NPP,VOTE BY MAIL,128008
RECEIVED TOO LATE,DEM,VOTE BY MAIL,128005
RECEIVED TOO LATE,REP,VOTE BY MAIL,117003
NON-MATCHING SIGNATURE,DEM,VOTE BY MAIL,105003
NON-MATCHING SIGNATURE,NPP,VOTE BY MAIL,103008
RECEIVED TOO LATE,AI,VOTE BY MAIL,132002
NON-MATCHING SIGNATURE,REP,VOTE BY MAIL,108001
RECEIVED TOO LATE,NPP,VOTE BY MAIL,119001
RECEIVED TOO LATE,NPP,VOTE BY MAIL,117002
RECEIVED TOO LATE,DEM,VOTE BY MAIL,117003
RECEIVED TOO LATE,REP,VOTE BY MAIL,121009
NON-MATCHING SIGNATURE,DEM,VOTE BY MAIL,117006
RECEIVED TOO LATE,REP,VOTE BY MAIL,110008
RECEIVED TOO LATE,NPP,VOTE BY MAIL,128013
RECEIVED TOO LATE,NPP,VOTE BY MAIL,124005
NON-MATCHING SIGNATURE,DEM,VOTE BY MAIL,117074
NON-MATCHING SIGNATURE,REP,VOTE BY MAIL,128002
NON-MATCHING SIGNATURE,REP,VOTE BY MAIL,121003
NON-MATCHING SIGNATURE,DEM,VOTE BY MAIL,117091
NON-MATCHING SIGNATURE,NPP,VOTE BY MAIL,108001
RECEIVED TOO LATE,NPP,VOTE BY MAIL,112005
NON-MATCHING SIGNATURE,REP,VOTE BY MAIL,117090
RECEIVED TOO LATE,REP,VOTE BY MAIL,117072
NON-MATCHING SIGNATURE,DEM,VOTE BY MAIL,126008
NON-MATCHING SIGNATURE,REP,VOTE BY MAIL,128015
RECEIVED TOO LATE,REP,VOTE BY MAIL,114001
RECEIVED TOO LATE,DEM,VOTE BY MAIL,117064
RECEIVED TOO LATE,NPP,VOTE BY MAIL,108002
RECEIVED TOO LATE,NPP,VOTE BY MAIL,124003
RECEIVED TOO LATE,NPP,VOTE BY MAIL,117059
NON-MATCHING SIGNATURE,NPP,VOTE BY MAIL,117090
NON-MATCHING SIGNATURE,REP,VOTE BY MAIL,128028
NON-MATCHING SIGNATURE,REP,VOTE BY MAIL,117011
RECEIVED TOO LATE,NPP,VOTE BY MAIL,128028
RECEIVED TOO LATE,NPP,VOTE BY MAIL,121009
RECEIVED TOO LATE,REP,VOTE BY MAIL,128028
NON-MATCHING SIGNATURE,NPP,VOTE BY MAIL,117088
RECEIVED TOO LATE,NPP,VOTE BY MAIL,103004
NON-MATCHING SIGNATURE,DEM,VOTE BY MAIL,103008
RECEIVED TOO LATE,DEM,VOTE BY MAIL,128028
NON-MATCHING SIGNATURE,REP,VOTE BY MAIL,108001
NON-MATCHING SIGNATURE,REP,VOTE BY MAIL,117104
NON-MATCHING SIGNATURE,REP,VOTE BY MAIL,121009
NON-MATCHING SIGNATURE,NPP,VOTE BY MAIL,121003
RECEIVED TOO LATE,REP,VOTE BY MAIL,103005
NON-MATCHING SIGNATURE,NPP,VOTE BY MAIL,117021
NON-MATCHING SIGNATURE,DEM,VOTE BY MAIL,103001
NON-MATCHING SIGNATURE,DEM,VOTE BY MAIL,117064
NON-MATCHING SIGNATURE,NPP,VOTE BY MAIL,117072
RECEIVED TOO LATE,DEM,VOTE BY MAIL,119001
RECEIVED TOO LATE,NPP,VOTE BY MAIL,128007
RECEIVED TOO LATE,REP,VOTE BY MAIL,126008
RECEIVED TOO LATE,DEM,VOTE BY MAIL,112005
NON-MATCHING SIGNATURE,NPP,VOTE BY MAIL,117088
NON-MATCHING SIGNATURE,NPP,VOTE BY MAIL,117074
NON-MATCHING SIGNATURE,NPP,VOTE BY MAIL,117021
RECEIVED TOO LATE,NPP,VOTE BY MAIL,117047
RECEIVED TOO LATE,REP,VOTE BY MAIL,103009
RECEIVED TOO LATE,REP,VOTE BY MAIL,117029
RECEIVED TOO LATE,DEM,VOTE BY MAIL,128028
NON-MATCHING SIGNATURE,NPP,VOTE BY MAIL,107010
NON-MATCHING SIGNATURE,NPP,VOTE BY MAIL,126002
NON-MATCHING SIGNATURE,DEM,VOTE BY MAIL,103009
RECEIVED TOO LATE,REP,VOTE BY MAIL,128008
RECEIVED TOO LATE,NPP,VOTE BY MAIL,124001
NON-MATCHING SIGNATURE,PF,VOTE BY MAIL,121003
RECEIVED TOO LATE,LIB,VOTE BY MAIL,128013
RECEIVED TOO LATE,DEM,VOTE BY MAIL,124005
NON-MATCHING SIGNATURE,DEM,VOTE BY MAIL,117088
NON-MATCHING SIGNATURE,DEM,VOTE BY MAIL,121001
RECEIVED TOO LATE,REP,VOTE BY MAIL,114001
RECEIVED TOO LATE,DEM,VOTE BY MAIL,117047
NON-MATCHING SIGNATURE,REP,VOTE BY MAIL,117091
RECEIVED TOO LATE,REP,VOTE BY MAIL,128013
NON-MATCHING SIGNATURE,NPP,VOTE BY MAIL,117064
NON-MATCHING SIGNATURE,DEM,VOTE BY MAIL,119001
NON-MATCHING SIGNATURE,DEM,VOTE BY MAIL,117009
RECEIVED TOO LATE,DEM,VOTE BY MAIL,128002
NO VOTER SIGNATURE,NPP,VOTE BY MAIL,121009
RECEIVED TOO LATE,REP,VOTE BY MAIL,105002
RECEIVED TOO LATE,DEM,VOTE BY MAIL,117064
RECEIVED TOO LATE,NPP,VOTE BY MAIL,104001
NON-MATCHING SIGNATURE,DEM,VOTE BY MAIL,117014
NON-MATCHING SIGNATURE,DEM,VOTE BY MAIL,117003
RECEIVED TOO LATE,NPP,VOTE BY MAIL,128001
RECEIVED TOO LATE,DEM,VOTE BY MAIL,117080
NON-MATCHING SIGNATURE,NPP,VOTE BY MAIL,106009
NON-MATCHING SIGNATURE,REP,VOTE BY MAIL,117074
RECEIVED TOO LATE,DEM,VOTE BY MAIL,117003
NON-MATCHING SIGNATURE,DEM,VOTE BY MAIL,117104
RECEIVED TOO LATE,AI,VOTE BY MAIL,102002
RECEIVED TOO LATE,AI,VOTE BY MAIL,126002
NON-MATCHING SIGNATURE,NPP,VOTE BY MAIL,121001
NON-MATCHING SIGNATURE,REP,VOTE BY MAIL,108001
RECEIVED TOO LATE,REP,VOTE BY MAIL,128007
RECEIVED TOO LATE,NPP,VOTE BY MAIL,117112
NON-MATCHING SIGNATURE,AI,VOTE BY MAIL,117074
RECEIVED TOO LATE,PF,VOTE BY MAIL,117011
NON-MATCHING SIGNATURE,REP,VOTE BY MAIL,117010
NON-MATCHING SIGNATURE,DEM,VOTE BY MAIL,117010
NON-MATCHING SIGNATURE,DEM,VOTE BY MAIL,117029
NON-MATCHING SIGNATURE,NPP,VOTE BY MAIL,117088
RECEIVED TOO LATE,NPP,VOTE BY MAIL,117029
NON-MATCHING SIGNATURE,REP,VOTE BY MAIL,117004
RECEIVED TOO LATE,NPP,VOTE BY MAIL,117062
NON-MATCHING SIGNATURE,NPP,VOTE BY MAIL,117104
NON-MATCHING SIGNATURE,DEM,VOTE BY MAIL,117091
RECEIVED TOO LATE,NPP,VOTE BY MAIL,117004
RECEIVED TOO LATE,DEM,VOTE BY MAIL,124001
NON-MATCHING SIGNATURE,DEM,VOTE BY MAIL,117029
NON-MATCHING SIGNATURE,NPP,VOTE BY MAIL,108004
NON-MATCHING SIGNATURE,DEM,VOTE BY MAIL,124003
NON-MATCHING SIGNATURE,DEM,VOTE BY MAIL,128005
RECEIVED TOO LATE,NPP,VOTE BY MAIL,128008
RECEIVED TOO LATE,REP,VOTE BY MAIL,110001
RECEIVED TOO LATE,DEM,VOTE BY MAIL,124003
RECEIVED TOO LATE,REP,VOTE BY MAIL,112005
NON-MATCHING SIGNATURE,DEM,VOTE BY MAIL,112005
RECEIVED TOO LATE,DEM,VOTE BY MAIL,124001
RECEIVED TOO LATE,DEM,VOTE BY MAIL,106009
NON-MATCHING SIGNATURE,DEM,VOTE BY MAIL,117005
NON-MATCHING SIGNATURE,REP,VOTE BY MAIL,128008
NON-MATCHING SIGNATURE,NPP,VOTE BY MAIL,103009
RECEIVED TOO LATE,NPP,VOTE BY MAIL,117112
RECEIVED TOO LATE,REP,VOTE BY MAIL,117091
NON-MATCHING SIGNATURE,NPP,VOTE BY MAIL,117091
NON-MATCHING SIGNATURE,NPP,VOTE BY MAIL,128001
NON-MATCHING SIGNATURE,AI,VOTE BY MAIL,129001
RECEIVED TOO LATE,DEM,VOTE BY MAIL,117038
RECEIVED TOO LATE,DEM,VOTE BY MAIL,106009
NON-MATCHING SIGNATURE,NPP,VOTE BY MAIL,102001
NON-MATCHING SIGNATURE,REP,VOTE BY MAIL,117011
NON-MATCHING SIGNATURE,DEM,VOTE BY MAIL,117011
NON-MATCHING SIGNATURE,DEM,VOTE BY MAIL,117091
NON-MATCHING SIGNATURE,REP,VOTE BY MAIL,103008
RECEIVED TOO LATE,DEM,VOTE BY MAIL,117064
NON-MATCHING SIGNATURE,DEM,VOTE BY MAIL,117021
NON-MATCHING SIGNATURE,REP,VOTE BY MAIL,117090
NON-MATCHING SIGNATURE,NPP,VOTE BY MAIL,128013
RECEIVED TOO LATE,DEM,VOTE BY MAIL,119001
RECEIVED TOO LATE,DEM,VOTE BY MAIL,103008
NON-MATCHING SIGNATURE,REP,VOTE BY MAIL,126008
NON-MATCHING SIGNATURE,NPP,VOTE BY MAIL,108001
NON-MATCHING SIGNATURE,DEM,VOTE BY MAIL,117006
NON-MATCHING SIGNATURE,DEM,VOTE BY MAIL,117072
NON-MATCHING SIGNATURE,DEM,VOTE BY MAIL,128001
RECEIVED TOO LATE,NPP,VOTE BY MAIL,103005
NON-MATCHING SIGNATURE,NPP,VOTE BY MAIL,128008
RECEIVED TOO LATE,DEM,VOTE BY MAIL,121001
NON-MATCHING SIGNATURE,REP,VOTE BY MAIL,117072
NON-MATCHING SIGNATURE,DEM,VOTE BY MAIL,117021
NO VOTER SIGNATURE,NPP,VOTE BY MAIL,126008
NO VOTER SIGNATURE,AI,VOTE BY MAIL,117029
RECEIVED TOO LATE,NPP,VOTE BY MAIL,128008
RECEIVED TOO LATE,NPP,VOTE BY MAIL,117059
RECEIVED TOO LATE,DEM,VOTE BY MAIL,106009
NON-MATCHING SIGNATURE,REP,VOTE BY MAIL,112005
RECEIVED TOO LATE,REP,VOTE BY MAIL,110008
NON-MATCHING SIGNATURE,REP,VOTE BY MAIL,126008
NON-MATCHING SIGNATURE,DEM,VOTE BY MAIL,117072
NON-MATCHING SIGNATURE,NPP,VOTE BY MAIL,112005
RECEIVED TOO LATE,DEM,VOTE BY MAIL,117021
NON-MATCHING SIGNATURE,REP,VOTE BY MAIL,110001
RECEIVED TOO LATE,DEM,VOTE BY MAIL,128013
RECEIVED TOO LATE,DEM,VOTE BY MAIL,112003
RECEIVED TOO LATE,AI,VOTE BY MAIL,117088
NON-MATCHING SIGNATURE,DEM,VOTE BY MAIL,124001
NON-MATCHING SIGNATURE,DEM,VOTE BY MAIL,103005
NON-MATCHING SIGNATURE,NPP,VOTE BY MAIL,126001
RECEIVED TOO LATE,NPP,VOTE BY MAIL,126001
NON-MATCHING SIGNATURE,NPP,VOTE BY MAIL,121003
RECEIVED TOO LATE,DEM,VOTE BY MAIL,105003
RECEIVED TOO LATE,REP,VOTE BY MAIL,121001
NON-MATCHING SIGNATURE,DEM,VOTE BY MAIL,117004
NON-MATCHING SIGNATURE,DEM,VOTE BY MAIL,117006
RECEIVED TOO LATE,REP,VOTE BY MAIL,121009
NON-MATCHING SIGNATURE,DEM,VOTE BY MAIL,126002
NON-MATCHING SIGNATURE,PF,VOTE BY MAIL,128001
RECEIVED TOO LATE,DEM,VOTE BY MAIL,126008
RECEIVED TOO LATE,NPP,VOTE BY MAIL,117014
NON-MATCHING SIGNATURE,REP,VOTE BY MAIL,124005
RECEIVED TOO LATE,NPP,VOTE BY MAIL,124005
RECEIVED TOO LATE,REP,VOTE BY MAIL,124001
RECEIVED TOO LATE,NPP,VOTE BY MAIL,128005
NON-MATCHING SIGNATURE,DEM,VOTE BY MAIL,126002
NON-MATCHING SIGNATURE,DEM,VOTE BY MAIL,117059
NON-MATCHING SIGNATURE,DEM,VOTE BY MAIL,117059
RECEIVED TOO LATE,NPP,VOTE BY MAIL,124005
RECEIVED TOO LATE,PF,VOTE BY MAIL,124001
NON-MATCHING SIGNATURE,NPP,VOTE BY MAIL,117112
RECEIVED TOO LATE,DEM,VOTE BY MAIL,117003
NON-MATCHING SIGNATURE,REP,VOTE BY MAIL,117009
NON-MATCHING SIGNATURE,DEM,VOTE BY MAIL,124005
NON-MATCHING SIGNATURE,NPP,VOTE BY MAIL,107010
NON-MATCHING SIGNATURE,REP,VOTE BY MAIL,104001
NON-MATCHING SIGNATURE,NPP,VOTE BY MAIL,112005
RECEIVED TOO LATE,REP,VOTE BY MAIL,105003
RECEIVED TOO LATE,NPP,VOTE BY MAIL,103005
RECEIVED TOO LATE,DEM,VOTE BY MAIL,102002
RECEIVED TOO LATE,NPP,VOTE BY MAIL,121001
RECEIVED TOO LATE,DEM,VOTE BY MAIL,121009
RECEIVED TOO LATE,NPP,VOTE BY MAIL,103005
NON-MATCHING SIGNATURE,NPP,VOTE BY MAIL,103004
RECEIVED TOO LATE,DEM,VOTE BY MAIL,105003
NON-MATCHING SIGNATURE,REP,VOTE BY MAIL,117080
NON-MATCHING SIGNATURE,DEM,VOTE BY MAIL,124005
RECEIVED TOO LATE,NPP,VOTE BY MAIL,124005
RECEIVED TOO LATE,NPP,VOTE BY MAIL,104001
NON-MATCHING SIGNATURE,NPP,VOTE BY MAIL,124005
NON-MATCHING SIGNATURE,AI,VOTE BY MAIL,128013
NON-MATCHING SIGNATURE,AI,VOTE BY MAIL,117058
NON-MATCHING SIGNATURE,REP,VOTE BY MAIL,117058
RECEIVED TOO LATE,REP,VOTE BY MAIL,129001
RECEIVED TOO LATE,DEM,VOTE BY MAIL,128028
NON-MATCHING SIGNATURE,REP,VOTE BY MAIL,126001
NON-MATCHING SIGNATURE,REP,VOTE BY MAIL,124005
RECEIVED TOO LATE,DEM,VOTE BY MAIL,121001
RECEIVED TOO LATE,NPP,VOTE BY MAIL,103010
RECEIVED TOO LATE,REP,VOTE BY MAIL,117104
NON-MATCHING SIGNATURE,DEM,VOTE BY MAIL,117038
NON-MATCHING SIGNATURE,AI,VOTE BY MAIL,103008
RECEIVED TOO LATE,NPP,VOTE BY MAIL,117003
RECEIVED TOO LATE,DEM,VOTE BY MAIL,126008
RECEIVED TOO LATE,DEM,VOTE BY MAIL,117064
NON-MATCHING SIGNATURE,DEM,VOTE BY MAIL,103010
NON-MATCHING SIGNATURE,REP,VOTE BY MAIL,103005
NON-MATCHING SIGNATURE,NPP,VOTE BY MAIL,106009
RECEIVED TOO LATE,NPP,VOTE BY MAIL,103005
NON-MATCHING SIGNATURE,REP,VOTE BY MAIL,117059
NON-MATCHING SIGNATURE,NPP,VOTE BY MAIL,124005
RECEIVED TOO LATE,DEM,VOTE BY MAIL,117011
NON-MATCHING SIGNATURE,AI,VOTE BY MAIL,117047
NO VOTER SIGNATURE,REP,VOTE BY MAIL,117058
NON-MATCHING SIGNATURE,REP,VOTE BY MAIL,117088
RECEIVED TOO LATE,DEM,VOTE BY MAIL,121003
NON-MATCHING SIGNATURE,NPP,VOTE BY MAIL,117088
NON-MATCHING SIGNATURE,NPP,VOTE BY MAIL,124001
RECEIVED TOO LATE,LIB,VOTE BY MAIL,132002
RECEIVED TOO LATE,NPP,VOTE BY MAIL,128001
NON-MATCHING SIGNATURE,DEM,VOTE BY MAIL,117062
RECEIVED TOO LATE,LIB,VOTE BY MAIL,121001
NON-MATCHING SIGNATURE,REP,VOTE BY MAIL,115001
RECEIVED TOO LATE,PF,VOTE BY MAIL,102007
RECEIVED TOO LATE,REP,VOTE BY MAIL,117002
RECEIVED TOO LATE,NPP,VOTE BY MAIL,124003
NON-MATCHING SIGNATURE,DEM,VOTE BY MAIL,121001
RECEIVED TOO LATE,NPP,VOTE BY MAIL,117112
RECEIVED TOO LATE,NPP,VOTE BY MAIL,126002
NON-MATCHING SIGNATURE,DEM,VOTE BY MAIL,117080
RECEIVED TOO LATE,DEM,VOTE BY MAIL,126008
RECEIVED TOO LATE,DEM,VOTE BY MAIL,117072
NON-MATCHING SIGNATURE,REP,VOTE BY MAIL,128001
NON-MATCHING SIGNATURE,NPP,VOTE BY MAIL,103010
RECEIVED TOO LATE,DEM,VOTE BY MAIL,117062
RECEIVED TOO LATE,REP,VOTE BY MAIL,104001
RECEIVED TOO LATE,DEM,VOTE BY MAIL,128001
RECEIVED TOO LATE,LIB,VOTE BY MAIL,121001
RECEIVED TOO LATE,DEM,VOTE BY MAIL,114001
RECEIVED TOO LATE,DEM,VOTE BY MAIL,128013
RECEIVED TOO LATE,AI,VOTE BY MAIL,103002
RECEIVED TOO LATE,DEM,VOTE BY MAIL,103002
NON-MATCHING SIGNATURE,NPP,VOTE BY MAIL,105002
RECEIVED TOO LATE,NPP,VOTE BY MAIL,117059
RECEIVED TOO LATE,DEM,VOTE BY MAIL,117088
NON-MATCHING SIGNATURE,AI,VOTE BY MAIL,117021
RECEIVED TOO LATE,DEM,VOTE BY MAIL,117011
NON-MATCHING SIGNATURE,REP,VOTE BY MAIL,117088
RECEIVED TOO LATE,REP,VOTE BY MAIL,117112
RECEIVED TOO LATE,REP,VOTE BY MAIL,117112
NON-MATCHING SIGNATURE,REP,VOTE BY MAIL,112005
NON-MATCHING SIGNATURE,REP,VOTE BY MAIL,117072
RECEIVED TOO LATE,DEM,VOTE BY MAIL,103008
NON-MATCHING SIGNATURE,AI,VOTE BY MAIL,121009
RECEIVED TOO LATE,DEM,VOTE BY MAIL,117059
RECEIVED TOO LATE,AI,VOTE BY MAIL,117014
NON-MATCHING SIGNATURE,DEM,VOTE BY MAIL,128001
NON-MATCHING SIGNATURE,AI,VOTE BY MAIL,128008
RECEIVED TOO LATE,REP,VOTE BY MAIL,110008
NON-MATCHING SIGNATURE,REP,VOTE BY MAIL,117014
NON-MATCHING SIGNATURE,DEM,VOTE BY MAIL,124003
RECEIVED TOO LATE,DEM,VOTE BY MAIL,117088
RECEIVED TOO LATE,DEM,VOTE BY MAIL,115001
NON-MATCHING SIGNATURE,NPP,VOTE BY MAIL,103005
RECEIVED TOO LATE,NPP,VOTE BY MAIL,124001
RECEIVED TOO LATE,REP,VOTE BY MAIL,117009
NON-MATCHING SIGNATURE,DEM,VOTE BY MAIL,103005
RECEIVED TOO LATE,AI,VOTE BY MAIL,103004
NON-MATCHING SIGNATURE,REP,VOTE BY MAIL,117009
NON-MATCHING SIGNATURE,REP,VOTE BY MAIL,128013
NON-MATCHING SIGNATURE,REP,VOTE BY MAIL,117002
RECEIVED TOO LATE,REP,VOTE BY MAIL,128028
RECEIVED TOO LATE,DEM,VOTE BY MAIL,128008
RECEIVED TOO LATE,REP,VOTE BY MAIL,110008
RECEIVED TOO LATE,REP,VOTE BY MAIL,108002
NON-MATCHING SIGNATURE,DEM,VOTE BY MAIL,117014
RECEIVED TOO LATE,AI,VOTE BY MAIL,117021
NON-MATCHING SIGNATURE,NPP,VOTE BY MAIL,128001
RECEIVED TOO LATE,DEM,VOTE BY MAIL,117003
NON-MATCHING SIGNATURE,DEM,VOTE BY MAIL,117001
NON-MATCHING SIGNATURE,DEM,VOTE BY MAIL,117010
RECEIVED TOO LATE,REP,VOTE BY MAIL,119001
RECEIVED TOO LATE,DEM,VOTE BY MAIL,124005
RECEIVED TOO LATE,REP,VOTE BY MAIL,128028
NON-MATCHING SIGNATURE,NPP,VOTE BY MAIL,107005
RECEIVED TOO LATE,DEM,VOTE BY MAIL,101001
NON-MATCHING SIGNATURE,DEM,VOTE BY MAIL,126002
RECEIVED TOO LATE,REP,VOTE BY MAIL,128001
NON-MATCHING SIGNATURE,DEM,VOTE BY MAIL,117062
NON-MATCHING SIGNATURE,DEM,VOTE BY MAIL,128015
RECEIVED TOO LATE,DEM,VOTE BY MAIL,117091
NON-MATCHING SIGNATURE,REP,VOTE BY MAIL,121003
RECEIVED TOO LATE,DEM,VOTE BY MAIL,121009
RECEIVED TOO LATE,DEM,VOTE BY MAIL,121009
NON-MATCHING SIGNATURE,DEM,VOTE BY MAIL,124005
RECEIVED TOO LATE,DEM,VOTE BY MAIL,126001
NON-MATCHING SIGNATURE,NPP,VOTE BY MAIL,117112
RECEIVED TOO LATE,DEM,VOTE BY MAIL,105003
RECEIVED TOO LATE,REP,VOTE BY MAIL,115001
NON-MATCHING SIGNATURE,LIB,VOTE BY MAIL,110001
NON-MATCHING SIGNATURE,DEM,VOTE BY MAIL,117058
RECEIVED TOO LATE,NPP,VOTE BY MAIL,121001
RECEIVED TOO LATE,DEM,VOTE BY MAIL,106009
RECEIVED TOO LATE,DEM,VOTE BY MAIL,117021
RECEIVED TOO LATE,NPP,VOTE BY MAIL,124001
RECEIVED TOO LATE,NPP,VOTE BY MAIL,128005
NON-MATCHING SIGNATURE,NPP,VOTE BY MAIL,128001
RECEIVED TOO LATE,REP,VOTE BY MAIL,117004
RECEIVED TOO LATE,DEM,VOTE BY MAIL,117029
RECEIVED TOO LATE,REP,VOTE BY MAIL,117038
RECEIVED TOO LATE,REP,VOTE BY MAIL,117062
NON-MATCHING SIGNATURE,REP,VOTE BY MAIL,119001
RECEIVED TOO LATE,DEM,VOTE BY MAIL,112003
NON-MATCHING SIGNATURE,REP,VOTE BY MAIL,128013
RECEIVED TOO LATE,DEM,VOTE BY MAIL,103002
RECEIVED TOO LATE,REP,VOTE BY MAIL,132002
NON-MATCHING SIGNATURE,DEM,VOTE BY MAIL,117014
NON-MATCHING SIGNATURE,REP,VOTE BY MAIL,128022
NON-MATCHING SIGNATURE,DEM,VOTE BY MAIL,117112
RECEIVED TOO LATE,DEM,VOTE BY MAIL,117112
NON-MATCHING SIGNATURE,REP,VOTE BY MAIL,124005
NON-MATCHING SIGNATURE,DEM,VOTE BY MAIL,124001
RECEIVED TOO LATE,DEM,VOTE BY MAIL,119001
RECEIVED TOO LATE,NPP,VOTE BY MAIL,117029
NON-MATCHING SIGNATURE,REP,VOTE BY MAIL,129001
NON-MATCHING SIGNATURE,NPP,VOTE BY MAIL,119001
NON-MATCHING SIGNATURE,DEM,VOTE BY MAIL,107005
NON-MATCHING SIGNATURE,DEM,VOTE BY MAIL,117010
NON-MATCHING SIGNATURE,NPP,VOTE BY MAIL,103010
NON-MATCHING SIGNATURE,DEM,VOTE BY MAIL,128001
RECEIVED TOO LATE,REP,VOTE BY MAIL,128028
RECEIVED TOO LATE,REP,VOTE BY MAIL,117112
RECEIVED TOO LATE,NPP,VOTE BY MAIL,117010
RECEIVED TOO LATE,DEM,VOTE BY MAIL,117059
NON-MATCHING SIGNATURE,DEM,VOTE BY MAIL,117029
RECEIVED TOO LATE,REP,VOTE BY MAIL,128002
RECEIVED TOO LATE,REP,VOTE BY MAIL,128008
NON-MATCHING SIGNATURE,REP,VOTE BY MAIL,124003
NON-MATCHING SIGNATURE,REP,VOTE BY MAIL,121009
RECEIVED TOO LATE,REP,VOTE BY MAIL,128013
RECEIVED TOO LATE,DEM,VOTE BY MAIL,117038
NON-MATCHING SIGNATURE,DEM,VOTE BY MAIL,103010
RECEIVED TOO LATE,DEM,VOTE BY MAIL,124001
NON-MATCHING SIGNATURE,REP,VOTE BY MAIL,121001
NON-MATCHING SIGNATURE,DEM,VOTE BY MAIL,129001
RECEIVED TOO LATE,LIB,VOTE BY MAIL,110008
RECEIVED TOO LATE,NPP,VOTE BY MAIL,119001
NON-MATCHING SIGNATURE,DEM,VOTE BY MAIL,101003
NON-MATCHING SIGNATURE,REP,VOTE BY MAIL,117112
NON-MATCHING SIGNATURE,DEM,VOTE BY MAIL,112005
RECEIVED TOO LATE,DEM,VOTE BY MAIL,124001
NON-MATCHING SIGNATURE,DEM,VOTE BY MAIL,112005
NON-MATCHING SIGNATURE,AI,VOTE BY MAIL,126002
NON-MATCHING SIGNATURE,DEM,VOTE BY MAIL,102007
NON-MATCHING SIGNATURE,REP,VOTE BY MAIL,128015
RECEIVED TOO LATE,NPP,VOTE BY MAIL,102003
NON-MATCHING SIGNATURE,DEM,VOTE BY MAIL,117003
RECEIVED TOO LATE,REP,VOTE BY MAIL,117064
RECEIVED TOO LATE,REP,VOTE BY MAIL,108004
RECEIVED TOO LATE,REP,VOTE BY MAIL,128008
RECEIVED TOO LATE,NPP,VOTE BY MAIL,117064
RECEIVED TOO LATE,DEM,VOTE BY MAIL,102001
NON-MATCHING SIGNATURE,DEM,VOTE BY MAIL,117007
RECEIVED TOO LATE,DEM,VOTE BY MAIL,128028
NON-MATCHING SIGNATURE,REP,VOTE BY MAIL,117004
NON-MATCHING SIGNATURE,DEM,VOTE BY MAIL,103004
NON-MATCHING SIGNATURE,NPP,VOTE BY MAIL,117104
NON-MATCHING SIGNATURE,NPP,VOTE BY MAIL,117058
NON-MATCHING SIGNATURE,NPP,VOTE BY MAIL,117004
NON-MATCHING SIGNATURE,DEM,VOTE BY MAIL,103008
NON-MATCHING SIGNATURE,DEM,VOTE BY MAIL,117091
RECEIVED TOO LATE,DEM,VOTE BY MAIL,121001
RECEIVED TOO LATE,REP,VOTE BY MAIL,117014
RECEIVED TOO LATE,REP,VOTE BY MAIL,128028
RECEIVED TOO LATE,REP,VOTE BY MAIL,128015
RECEIVED TOO LATE,REP,VOTE BY MAIL,102007
RECEIVED TOO LATE,DEM,VOTE BY MAIL,102001
RECEIVED TOO LATE,NPP,VOTE BY MAIL,121003
RECEIVED TOO LATE,DEM,VOTE BY MAIL,109004
NON-MATCHING SIGNATURE,DEM,VOTE BY MAIL,117006
NON-MATCHING SIGNATURE,REP,VOTE BY MAIL,117074
RECEIVED TOO LATE,NPP,VOTE BY MAIL,117009
NON-MATCHING SIGNATURE,REP,VOTE BY MAIL,124005
NON-MATCHING SIGNATURE,DEM,VOTE BY MAIL,103001
NON-MATCHING SIGNATURE,AI,VOTE BY MAIL,105002
RECEIVED TOO LATE,NPP,VOTE BY MAIL,117112
NON-MATCHING SIGNATURE,REP,VOTE BY MAIL,128028
NON-MATCHING SIGNATURE,NPP,VOTE BY MAIL,119001
NON-MATCHING SIGNATURE,NPP,VOTE BY MAIL,128022
NON-MATCHING SIGNATURE,DEM,VOTE BY MAIL,117088
RECEIVED TOO LATE,DEM,VOTE BY MAIL,117088
RECEIVED TOO LATE,NPP,VOTE BY MAIL,117088
NON-MATCHING SIGNATURE,NPP,VOTE BY MAIL,117002
NON-MATCHING SIGNATURE,NPP,VOTE BY MAIL,128001
NON-MATCHING SIGNATURE,AI,VOTE BY MAIL,128008
NON-MATCHING SIGNATURE,NPP,VOTE BY MAIL,119001
NON-MATCHING SIGNATURE,REP,VOTE BY MAIL,128013
NON-MATCHING SIGNATURE,NPP,VOTE BY MAIL,102001
NON-MATCHING SIGNATURE,LIB,VOTE BY MAIL,112005
NON-MATCHING SIGNATURE,DEM,VOTE BY MAIL,105002
NON-MATCHING SIGNATURE,DEM,VOTE BY MAIL,128013
RECEIVED TOO LATE,REP,VOTE BY MAIL,128013
NON-MATCHING SIGNATURE,DEM,VOTE BY MAIL,126001
RECEIVED TOO LATE,DEM,VOTE BY MAIL,106009
RECEIVED TOO LATE,DEM,VOTE BY MAIL,119001
RECEIVED TOO LATE,DEM,VOTE BY MAIL,117090
NON-MATCHING SIGNATURE,REP,VOTE BY MAIL,124005
RECEIVED TOO LATE,NPP,VOTE BY MAIL,119001
RECEIVED TOO LATE,DEM,VOTE BY MAIL,112003
RECEIVED TOO LATE,NPP,VOTE BY MAIL,103002
NON-MATCHING SIGNATURE,REP,VOTE BY MAIL,128022
NON-MATCHING SIGNATURE,NPP,VOTE BY MAIL,117014
NON-MATCHING SIGNATURE,GRN,VOTE BY MAIL,128008
NON-MATCHING SIGNATURE,REP,VOTE BY MAIL,115001
RECEIVED TOO LATE,NPP,VOTE BY MAIL,124005
NON-MATCHING SIGNATURE,DEM,VOTE BY MAIL,108004
RECEIVED TOO LATE,REP,VOTE BY MAIL,103010
NON-MATCHING SIGNATURE,REP,VOTE BY MAIL,114001
RECEIVED TOO LATE,REP,VOTE BY MAIL,126001
RECEIVED TOO LATE,REP,VOTE BY MAIL,121001
NON-MATCHING SIGNATURE,REP,VOTE BY MAIL,117088
NON-MATCHING SIGNATURE,REP,VOTE BY MAIL,105002
NON-MATCHING SIGNATURE,DEM,VOTE BY MAIL,108001
RECEIVED TOO LATE,DEM,VOTE BY MAIL,124005
NON-MATCHING SIGNATURE,NPP,VOTE BY MAIL,103004
NON-MATCHING SIGNATURE,DEM,VOTE BY MAIL,117002
RECEIVED TOO LATE,NPP,VOTE BY MAIL,102003
NON-MATCHING SIGNATURE,REP,VOTE BY MAIL,117047
RECEIVED TOO LATE,GRN,VOTE BY MAIL,121001
NON-MATCHING SIGNATURE,REP,VOTE BY MAIL,115001
RECEIVED TOO LATE,NPP,VOTE BY MAIL,128001
RECEIVED TOO LATE,DEM,VOTE BY MAIL,121003
RECEIVED TOO LATE,DEM,VOTE BY MAIL,124001
NON-MATCHING SIGNATURE,DEM,VOTE BY MAIL,117112
RECEIVED TOO LATE,AI,VOTE BY MAIL,117011
NON-MATCHING SIGNATURE,DEM,VOTE BY MAIL,103009
NON-MATCHING SIGNATURE,DEM,VOTE BY MAIL,117074
NON-MATCHING SIGNATURE,DEM,VOTE BY MAIL,121003
NON-MATCHING SIGNATURE,REP,VOTE BY MAIL,117038
NON-MATCHING SIGNATURE,DEM,VOTE BY MAIL,117004
NON-MATCHING SIGNATURE,DEM,VOTE BY MAIL,117074
NON-MATCHING SIGNATURE,DEM,VOTE BY MAIL,117047
RECEIVED TOO LATE,DEM,VOTE BY MAIL,117088
NON-MATCHING SIGNATURE,REP,VOTE BY MAIL,107010
RECEIVED TOO LATE,DEM,VOTE BY MAIL,117005
RECEIVED TOO LATE,NPP,VOTE BY MAIL,117091
RECEIVED TOO LATE,NPP,VOTE BY MAIL,117011
RECEIVED TOO LATE,REP,VOTE BY MAIL,132002
RECEIVED TOO LATE,DEM,VOTE BY MAIL,128007
RECEIVED TOO LATE,DEM,VOTE BY MAIL,114001
RECEIVED TOO LATE,DEM,VOTE BY MAIL,126001
RECEIVED TOO LATE,DEM,VOTE BY MAIL,103002
NON-MATCHING SIGNATURE,DEM,VOTE BY MAIL,117112
NON-MATCHING SIGNATURE,DEM,VOTE BY MAIL,117003
NON-MATCHING SIGNATURE,NPP,VOTE BY MAIL,128028
NON-MATCHING SIGNATURE,NPP,VOTE BY MAIL,117047
RECEIVED TOO LATE,DEM,VOTE BY MAIL,117006
NON-MATCHING SIGNATURE,LIB,VOTE BY MAIL,124005
RECEIVED TOO LATE,DEM,VOTE BY MAIL,103005
NON-MATCHING SIGNATURE,REP,VOTE BY MAIL,119001
NON-MATCHING SIGNATURE,REP,VOTE BY MAIL,115001
NON-MATCHING SIGNATURE,DEM,VOTE BY MAIL,112005
RECEIVED TOO LATE,REP,VOTE BY MAIL,105002
RECEIVED TOO LATE,DEM,VOTE BY MAIL,121001
NON-MATCHING SIGNATURE,REP,VOTE BY MAIL,121003
RECEIVED TOO LATE,DEM,VOTE BY MAIL,103009
NON-MATCHING SIGNATURE,REP,VOTE BY MAIL,128008
NON-MATCHING SIGNATURE,REP,VOTE BY MAIL,117047
NON-MATCHING SIGNATURE,DEM,VOTE BY MAIL,117002
RECEIVED TOO LATE,DEM,VOTE BY MAIL,117004
RECEIVED TOO LATE,REP,VOTE BY MAIL,124003
RECEIVED TOO LATE,DEM,VOTE BY MAIL,121009
NON-MATCHING SIGNATURE,NPP,VOTE BY MAIL,114001
NON-MATCHING SIGNATURE,NPP,VOTE BY MAIL,117112
NON-MATCHING SIGNATURE,DEM,VOTE BY MAIL,126008
NON-MATCHING SIGNATURE,NPP,VOTE BY MAIL,128013
RECEIVED TOO LATE,AI,VOTE BY MAIL,128002
NON-MATCHING SIGNATURE,LIB,VOTE BY MAIL,117064
NON-MATCHING SIGNATURE,DEM,VOTE BY MAIL,128008
RECEIVED TOO LATE,DEM,VOTE BY MAIL,121003
NON-MATCHING SIGNATURE,DEM,VOTE BY MAIL,128002
RECEIVED TOO LATE,NPP,VOTE BY MAIL,110001
RECEIVED TOO LATE,DEM,VOTE BY MAIL,121009
NON-MATCHING SIGNATURE,NPP,VOTE BY MAIL,126002
RECEIVED TOO LATE,AI,VOTE BY MAIL,117011
NON-MATCHING SIGNATURE,REP,VOTE BY MAIL,117090
NON-MATCHING SIGNATURE,DEM,VOTE BY MAIL,124003
NON-MATCHING SIGNATURE,NPP,VOTE BY MAIL,128002
RECEIVED TOO LATE,NPP,VOTE BY MAIL,112005
NO VOTER SIGNATURE,NPP,VOTE BY MAIL,126008
NON-MATCHING SIGNATURE,DEM,VOTE BY MAIL,119001
RECEIVED TOO LATE,REP,VOTE BY MAIL,128005
NO VOTER SIGNATURE,DEM,VOTE BY MAIL,112005
RECEIVED TOO LATE,AI,VOTE BY MAIL,106009
RECEIVED TOO LATE,REP,VOTE BY MAIL,114001
RECEIVED TOO LATE,LIB,VOTE BY MAIL,128005
NON-MATCHING SIGNATURE,DEM,VOTE BY MAIL,110008
NON-MATCHING SIGNATURE,REP,VOTE BY MAIL,121003
NON-MATCHING SIGNATURE,REP,VOTE BY MAIL,117112
RECEIVED TOO LATE,LIB,VOTE BY MAIL,117112
RECEIVED TOO LATE,DEM,VOTE BY MAIL,117058
NON-MATCHING SIGNATURE,REP,VOTE BY MAIL,128028
NON-MATCHING SIGNATURE,NPP,VOTE BY MAIL,128001
NON-MATCHING SIGNATURE,REP,VOTE BY MAIL,128002
NON-MATCHING SIGNATURE,REP,VOTE BY MAIL,121009
NON-MATCHING SIGNATURE,NPP,VOTE BY MAIL,117058
RECEIVED TOO LATE,DEM,VOTE BY MAIL,103008
NON-MATCHING SIGNATURE,REP,VOTE BY MAIL,126008
RECEIVED TOO LATE,REP,VOTE BY MAIL,117080
RECEIVED TOO LATE,DEM,VOTE BY MAIL,128002
RECEIVED TOO LATE,DEM,VOTE BY MAIL,103005
NON-MATCHING SIGNATURE,DEM,VOTE BY MAIL,103005
NON-MATCHING SIGNATURE,REP,VOTE BY MAIL,117059
RECEIVED TOO LATE,DEM,VOTE BY MAIL,117088
NON-MATCHING SIGNATURE,DEM,VOTE BY MAIL,117080
NON-MATCHING SIGNATURE,DEM,VOTE BY MAIL,117104
NON-MATCHING SIGNATURE,REP,VOTE BY MAIL,108002
RECEIVED TOO LATE,DEM,VOTE BY MAIL,124003
NON-MATCHING SIGNATURE,DEM,VOTE BY MAIL,117058
NON-MATCHING SIGNATURE,DEM,VOTE BY MAIL,117058
RECEIVED TOO LATE,DEM,VOTE BY MAIL,108002
RECEIVED TOO LATE,AI,VOTE BY MAIL,128008
RECEIVED TOO LATE,PF,VOTE BY MAIL,106009
RECEIVED TOO LATE,DEM,VOTE BY MAIL,121009
RECEIVED TOO LATE,DEM,VOTE BY MAIL,103004
NON-MATCHING SIGNATURE,REP,VOTE BY MAIL,126001
RECEIVED TOO LATE,AI,VOTE BY MAIL,124005
NON-MATCHING SIGNATURE,DEM,VOTE BY MAIL,124005
NON-MATCHING SIGNATURE,REP,VOTE BY MAIL,128028
NON-MATCHING SIGNATURE,REP,VOTE BY MAIL,121009
NON-MATCHING SIGNATURE,DEM,VOTE BY MAIL,103008
NON-MATCHING SIGNATURE,REP,VOTE BY MAIL,103010
RECEIVED TOO LATE,REP,VOTE BY MAIL,121003
RECEIVED TOO LATE,DEM,VOTE BY MAIL,117104
RECEIVED TOO LATE,NPP,VOTE BY MAIL,112005
NON-MATCHING SIGNATURE,DEM,VOTE BY MAIL,117058
NON-MATCHING SIGNATURE,NPP,VOTE BY MAIL,114001
RECEIVED TOO LATE,REP,VOTE BY MAIL,119001
NON-MATCHING SIGNATURE,DEM,VOTE BY MAIL,107005
NON-MATCHING SIGNATURE,DEM,VOTE BY MAIL,117021
NON-MATCHING SIGNATURE,DEM,VOTE BY MAIL,117088
RECEIVED TOO LATE,DEM,VOTE BY MAIL,124005
RECEIVED TOO LATE,DEM,VOTE BY MAIL,117002
NON-MATCHING SIGNATURE,AI,VOTE BY MAIL,117010
RECEIVED TOO LATE,DEM,VOTE BY MAIL,129001
NON-MATCHING SIGNATURE,DEM,VOTE BY MAIL,124005
RECEIVED TOO LATE,AI,VOTE BY MAIL,124005
NON-MATCHING SIGNATURE,DEM,VOTE BY MAIL,103004
RECEIVED TOO LATE,DEM,VOTE BY MAIL,117006
RECEIVED TOO LATE,DEM,VOTE BY MAIL,117006
RECEIVED TOO LATE,PF,VOTE BY MAIL,128013
NON-MATCHING SIGNATURE,DEM,VOTE BY MAIL,124001
RECEIVED TOO LATE,REP,VOTE BY MAIL,110008
NON-MATCHING SIGNATURE,DEM,VOTE BY MAIL,117112
NON-MATCHING SIGNATURE,REP,VOTE BY MAIL,117074
NON-MATCHING SIGNATURE,DEM,VOTE BY MAIL,128005
NON-MATCHING SIGNATURE,DEM,VOTE BY MAIL,103005
NON-MATCHING SIGNATURE,DEM,VOTE BY MAIL,117006
NON-MATCHING SIGNATURE,REP,VOTE BY MAIL,121001
RECEIVED TOO LATE,DEM,VOTE BY MAIL,103008
RECEIVED TOO LATE,REP,VOTE BY MAIL,117021
NO VOTER SIGNATURE,DEM,VOTE BY MAIL,117047
NON-MATCHING SIGNATURE,DEM,VOTE BY MAIL,117038
RECEIVED TOO LATE,DEM,VOTE BY MAIL,121009
RECEIVED TOO LATE,REP,VOTE BY MAIL,117011
NON-MATCHING SIGNATURE,AI,VOTE BY MAIL,117002
NON-MATCHING SIGNATURE,REP,VOTE BY MAIL,117003
RECEIVED TOO LATE,NPP,VOTE BY MAIL,117011
RECEIVED TOO LATE,REP,VOTE BY MAIL,129001
NON-MATCHING SIGNATURE,NPP,VOTE BY MAIL,114001
NON-MATCHING SIGNATURE,DEM,VOTE BY MAIL,117014
NON-MATCHING SIGNATURE,NPP,VOTE BY MAIL,124003
NON-MATCHING SIGNATURE,REP,VOTE BY MAIL,124005
RECEIVED TOO LATE,NPP,VOTE BY MAIL,124001
RECEIVED TOO LATE,REP,VOTE BY MAIL,124001
NON-MATCHING SIGNATURE,DEM,VOTE BY MAIL,117088
RECEIVED TOO LATE,REP,VOTE BY MAIL,117090
RECEIVED TOO LATE,DEM,VOTE BY MAIL,117090
NON-MATCHING SIGNATURE,DEM,VOTE BY MAIL,101001
NON-MATCHING SIGNATURE,REP,VOTE BY MAIL,117112
NON-MATCHING SIGNATURE,DEM,VOTE BY MAIL,117005
RECEIVED TOO LATE,DEM,VOTE BY MAIL,117005
RECEIVED TOO LATE,DEM,VOTE BY MAIL,117005
RECEIVED TOO LATE,NPP,VOTE BY MAIL,124003
RECEIVED TOO LATE,REP,VOTE BY MAIL,108002
NON-MATCHING SIGNATURE,REP,VOTE BY MAIL,121001
NON-MATCHING SIGNATURE,NPP,VOTE BY MAIL,126001
NON-MATCHING SIGNATURE,REP,VOTE BY MAIL,121001
NON-MATCHING SIGNATURE,REP,VOTE BY MAIL,110008
NON-MATCHING SIGNATURE,REP,VOTE BY MAIL,119001
RECEIVED TOO LATE,REP,VOTE BY MAIL,124003
NON-MATCHING SIGNATURE,NPP,VOTE BY MAIL,103002
RECEIVED TOO LATE,REP,VOTE BY MAIL,117090
NON-MATCHING SIGNATURE,REP,VOTE BY MAIL,121001
RECEIVED TOO LATE,REP,VOTE BY MAIL,132002
RECEIVED TOO LATE,DEM,VOTE BY MAIL,117091
RECEIVED TOO LATE,NPP,VOTE BY MAIL,117072
RECEIVED TOO LATE,DEM,VOTE BY MAIL,126001
RECEIVED TOO LATE,DEM,VOTE BY MAIL,117010
RECEIVED TOO LATE,NPP,VOTE BY MAIL,103010
NON-MATCHING SIGNATURE,DEM,VOTE BY MAIL,126008
NON-MATCHING SIGNATURE,NPP,VOTE BY MAIL,117009
RECEIVED TOO LATE,NPP,VOTE BY MAIL,117003
NON-MATCHING SIGNATURE,DEM,VOTE BY MAIL,108004
RECEIVED TOO LATE,DEM,VOTE BY MAIL,109004
NON-MATCHING SIGNATURE,AI,VOTE BY MAIL,114001
RECEIVED TOO LATE,REP,VOTE BY MAIL,110008
RECEIVED TOO LATE,REP,VOTE BY MAIL,117047
RECEIVED TOO LATE,AI,VOTE BY MAIL,117112
NON-MATCHING SIGNATURE,DEM,VOTE BY MAIL,102007
RECEIVED TOO LATE,NPP,VOTE BY MAIL,126001
RECEIVED TOO LATE,NPP,VOTE BY MAIL,102003
NON-MATCHING SIGNATURE,NPP,VOTE BY MAIL,117112
RECEIVED TOO LATE,PF,VOTE BY MAIL,124001
RECEIVED TOO LATE,REP,VOTE BY MAIL,117001
NON-MATCHING SIGNATURE,REP,VOTE BY MAIL,121003
NON-MATCHING SIGNATURE,REP,VOTE BY MAIL,117074
NON-MATCHING SIGNATURE,NPP,VOTE BY MAIL,117006
NON-MATCHING SIGNATURE,REP,VOTE BY MAIL,117090
NON-MATCHING SIGNATURE,DEM,VOTE BY MAIL,117090
RECEIVED TOO LATE,NPP,VOTE BY MAIL,114001
RECEIVED TOO LATE,DEM,VOTE BY MAIL,119001
RECEIVED TOO LATE,REP,VOTE BY MAIL,117072
NON-MATCHING SIGNATURE,REP,VOTE BY MAIL,117088
RECEIVED TOO LATE,DEM,VOTE BY MAIL,108002
RECEIVED TOO LATE,DEM,VOTE BY MAIL,108002
NO VOTER SIGNATURE,DEM,VOTE BY MAIL,117112
NON-MATCHING SIGNATURE,AI,VOTE BY MAIL,117088
RECEIVED TOO LATE,DEM,VOTE BY MAIL,124003
RECEIVED TOO LATE,DEM,VOTE BY MAIL,124003
RECEIVED TOO LATE,REP,VOTE BY MAIL,117090
NON-MATCHING SIGNATURE,DEM,VOTE BY MAIL,117074
RECEIVED TOO LATE,REP,VOTE BY MAIL,107010
RECEIVED TOO LATE,NPP,VOTE BY MAIL,124003
RECEIVED TOO LATE,REP,VOTE BY MAIL,124003
NON-MATCHING SIGNATURE,NPP,VOTE BY MAIL,114001
NON-MATCHING SIGNATURE,AI,VOTE BY MAIL,103004
NON-MATCHING SIGNATURE,DEM,VOTE BY MAIL,112005
RECEIVED TOO LATE,DEM,VOTE BY MAIL,117005
RECEIVED TOO LATE,NPP,VOTE BY MAIL,117038
RECEIVED TOO LATE,NPP,VOTE BY MAIL,117038
RECEIVED TOO LATE,DEM,VOTE BY MAIL,106009
NON-MATCHING SIGNATURE,NPP,VOTE BY MAIL,121003
NON-MATCHING SIGNATURE,NPP,VOTE BY MAIL,124005
NON-MATCHING SIGNATURE,REP,VOTE BY MAIL,106009
RECEIVED TOO LATE,REP,VOTE BY MAIL,119001
RECEIVED TOO LATE,REP,VOTE BY MAIL,103010
NON-MATCHING SIGNATURE,NPP,VOTE BY MAIL,126008
RECEIVED TOO LATE,DEM,VOTE BY MAIL,103010
NON-MATCHING SIGNATURE,AI,VOTE BY MAIL,128022
RECEIVED TOO LATE,REP,VOTE BY MAIL,129001
NON-MATCHING SIGNATURE,REP,VOTE BY MAIL,121009
NON-MATCHING SIGNATURE,DEM,VOTE BY MAIL,115001
NON-MATCHING SIGNATURE,REP,VOTE BY MAIL,121009
RECEIVED TOO LATE,REP,VOTE BY MAIL,117011
RECEIVED TOO LATE,AI,VOTE BY MAIL,106009
RECEIVED TOO LATE,REP,VOTE BY MAIL,115001
NON-MATCHING SIGNATURE,NPP,VOTE BY MAIL,101001
NON-MATCHING SIGNATURE,NPP,VOTE BY MAIL,121003
RECEIVED TOO LATE,NPP,VOTE BY MAIL,126002
RECEIVED TOO LATE,DEM,VOTE BY MAIL,103010
RECEIVED TOO LATE,REP,VOTE BY MAIL,117058
NON-MATCHING SIGNATURE,REP,VOTE BY MAIL,117091
NO VOTER SIGNATURE,DEM,VOTE BY MAIL,103002
NON-MATCHING SIGNATURE,NPP,VOTE BY MAIL,117058
NON-MATCHING SIGNATURE,DEM,VOTE BY MAIL,107010
NON-MATCHING SIGNATURE,DEM,VOTE BY MAIL,103008
RECEIVED TOO LATE,REP,VOTE BY MAIL,105002
RECEIVED TOO LATE,REP,VOTE BY MAIL,105002
NON-MATCHING SIGNATURE,REP,VOTE BY MAIL,128008
RECEIVED TOO LATE,GRN,VOTE BY MAIL,128002
NON-MATCHING SIGNATURE,REP,VOTE BY MAIL,117088
RECEIVED TOO LATE,REP,VOTE BY MAIL,105002
RECEIVED TOO LATE,DEM,VOTE BY MAIL,117088
NON-MATCHING SIGNATURE,REP,VOTE BY MAIL,128005
RECEIVED TOO LATE,NPP,VOTE BY MAIL,126001
RECEIVED TOO LATE,DEM,VOTE BY MAIL,114001
NON-MATCHING SIGNATURE,REP,VOTE BY MAIL,126008
NON-MATCHING SIGNATURE,DEM,VOTE BY MAIL,108002
RECEIVED TOO LATE,DEM,VOTE BY MAIL,117014
RECEIVED TOO LATE,DEM,VOTE BY MAIL,119001
NON-MATCHING SIGNATURE,DEM,VOTE BY MAIL,103005
RECEIVED TOO LATE,REP,VOTE BY MAIL,117112
RECEIVED TOO LATE,DEM,VOTE BY MAIL,117112
NON-MATCHING SIGNATURE,DEM,VOTE BY MAIL,117010
RECEIVED TOO LATE,DEM,VOTE BY MAIL,117004
RECEIVED TOO LATE,REP,VOTE BY MAIL,117014
RECEIVED TOO LATE,REP,VOTE BY MAIL,117014
RECEIVED TOO LATE,AI,VOTE BY MAIL,117088
RECEIVED TOO LATE,NPP,VOTE BY MAIL,126001
NON-MATCHING SIGNATURE,NPP,VOTE BY MAIL,117058
NON-MATCHING SIGNATURE,DEM,VOTE BY MAIL,119001
NON-MATCHING SIGNATURE,REP,VOTE BY MAIL,110001
NON-MATCHING SIGNATURE,REP,VOTE BY MAIL,107005
RECEIVED TOO LATE,DEM,VOTE BY MAIL,128015
RECEIVED TOO LATE,REP,VOTE BY MAIL,129001
RECEIVED TOO LATE,DEM,VOTE BY MAIL,114001
RECEIVED TOO LATE,DEM,VOTE BY MAIL,124005
RECEIVED TOO LATE,REP,VOTE BY MAIL,126008
NON-MATCHING SIGNATURE,REP,VOTE BY MAIL,117074
RECEIVED TOO LATE,DEM,VOTE BY MAIL,128001
NON-MATCHING SIGNATURE,GRN,VOTE BY MAIL,117047
NON-MATCHING SIGNATURE,REP,VOTE BY MAIL,121003
RECEIVED TOO LATE,REP,VOTE BY MAIL,117029
NON-MATCHING SIGNATURE,AI,VOTE BY MAIL,114001
NON-MATCHING SIGNATURE,DEM,VOTE BY MAIL,117003
NON-MATCHING SIGNATURE,DEM,VOTE BY MAIL,103008
RECEIVED TOO LATE,DEM,VOTE BY MAIL,117090
RECEIVED TOO LATE,NPP,VOTE BY MAIL,117047
NON-MATCHING SIGNATURE,NPP,VOTE BY MAIL,126001
RECEIVED TOO LATE,NPP,VOTE BY MAIL,117090
RECEIVED TOO LATE,DEM,VOTE BY MAIL,124003
RECEIVED TOO LATE,REP,VOTE BY MAIL,124003
NON-MATCHING SIGNATURE,NPP,VOTE BY MAIL,117021
RECEIVED TOO LATE,DEM,VOTE BY MAIL,124001
NON-MATCHING SIGNATURE,AI,VOTE BY MAIL,115001
RECEIVED TOO LATE,DEM,VOTE BY MAIL,109004
RECEIVED TOO LATE,DEM,VOTE BY MAIL,124005
NON-MATCHING SIGNATURE,NPP,VOTE BY MAIL,121009
RECEIVED TOO LATE,NPP,VOTE BY MAIL,128013
RECEIVED TOO LATE,DEM,VOTE BY MAIL,117010
RECEIVED TOO LATE,REP,VOTE BY MAIL,117062
NON-MATCHING SIGNATURE,REP,VOTE BY MAIL,109004
NON-MATCHING SIGNATURE,REP,VOTE BY MAIL,110008
RECEIVED TOO LATE,REP,VOTE BY MAIL,117090
NON-MATCHING SIGNATURE,REP,VOTE BY MAIL,126008
NON-MATCHING SIGNATURE,DEM,VOTE BY MAIL,117038
NON-MATCHING SIGNATURE,NPP,VOTE BY MAIL,117059
NON-MATCHING SIGNATURE,REP,VOTE BY MAIL,117072
RECEIVED TOO LATE,DEM,VOTE BY MAIL,128008
NON-MATCHING SIGNATURE,REP,VOTE BY MAIL,109004
NON-MATCHING SIGNATURE,NPP,VOTE BY MAIL,128028
RECEIVED TOO LATE,AI,VOTE BY MAIL,119001
NON-MATCHING SIGNATURE,DEM,VOTE BY MAIL,126001
RECEIVED TOO LATE,REP,VOTE BY MAIL,104001
RECEIVED TOO LATE,DEM,VOTE BY MAIL,117091
NON-MATCHING SIGNATURE,AI,VOTE BY MAIL,117090
RECEIVED TOO LATE,NPP,VOTE BY MAIL,128028
RECEIVED TOO LATE,REP,VOTE BY MAIL,117009
NON-MATCHING SIGNATURE,REP,VOTE BY MAIL,110001
NON-MATCHING SIGNATURE,REP,VOTE BY MAIL,126001
NON-MATCHING SIGNATURE,NPP,VOTE BY MAIL,117088
RECEIVED TOO LATE,REP,VOTE BY MAIL,128008
NON-MATCHING SIGNATURE,NPP,VOTE BY MAIL,105002
NON-MATCHING SIGNATURE,DEM,VOTE BY MAIL,128015
NON-MATCHING SIGNATURE,AI,VOTE BY MAIL,102003
NON-MATCHING SIGNATURE,DEM,VOTE BY MAIL,103004
NON-MATCHING SIGNATURE,REP,VOTE BY MAIL,128001
RECEIVED TOO LATE,DEM,VOTE BY MAIL,117080
NON-MATCHING SIGNATURE,AI,VOTE BY MAIL,117112
NON-MATCHING SIGNATURE,NPP,VOTE BY MAIL,117009
NON-MATCHING SIGNATURE,REP,VOTE BY MAIL,105002
RECEIVED TOO LATE,DEM,VOTE BY MAIL,117009
RECEIVED TOO LATE,NPP,VOTE BY MAIL,117088
RECEIVED TOO LATE,REP,VOTE BY MAIL,126008
RECEIVED TOO LATE,NPP,VOTE BY MAIL,117002
NON-MATCHING SIGNATURE,DEM,VOTE BY MAIL,117038
RECEIVED TOO LATE,DEM,VOTE BY MAIL,117003
RECEIVED TOO LATE,DEM,VOTE BY MAIL,128001
RECEIVED TOO LATE,DEM,VOTE BY MAIL,128001
RECEIVED TOO LATE,AI,VOTE BY MAIL,128002
NON-MATCHING SIGNATURE,DEM,VOTE BY MAIL,126001
NON-MATCHING SIGNATURE,REP,VOTE BY MAIL,117080
NON-MATCHING SIGNATURE,NPP,VOTE BY MAIL,117002
NON-MATCHING SIGNATURE,DEM,VOTE BY MAIL,117006
NON-MATCHING SIGNATURE,NPP,VOTE BY MAIL,128008
NON-MATCHING SIGNATURE,REP,VOTE BY MAIL,107005
RECEIVED TOO LATE,DEM,VOTE BY MAIL,114001
NON-MATCHING SIGNATURE,NPP,VOTE BY MAIL,126001
RECEIVED TOO LATE,REP,VOTE BY MAIL,124001
NON-MATCHING SIGNATURE,DEM,VOTE BY MAIL,128008
NON-MATCHING SIGNATURE,DEM,VOTE BY MAIL,117011
RECEIVED TOO LATE,PF,VOTE BY MAIL,126008
NON-MATCHING SIGNATURE,DEM,VOTE BY MAIL,128005
NON-MATCHING SIGNATURE,REP,VOTE BY MAIL,128005
NON-MATCHING SIGNATURE,REP,VOTE BY MAIL,128008
NON-MATCHING SIGNATURE,DEM,VOTE BY MAIL,128028
RECEIVED TOO LATE,NPP,VOTE BY MAIL,128005
NON-MATCHING SIGNATURE,REP,VOTE BY MAIL,113002
NON-MATCHING SIGNATURE,NPP,VOTE BY MAIL,106001
RECEIVED TOO LATE,REP,VOTE BY MAIL,112005
NON-MATCHING SIGNATURE,REP,VOTE BY MAIL,117072
NON-MATCHING SIGNATURE,DEM,VOTE BY MAIL,126002
RECEIVED TOO LATE,DEM,VOTE BY MAIL,126001
RECEIVED TOO LATE,DEM,VOTE BY MAIL,103005
NON-MATCHING SIGNATURE,REP,VOTE BY MAIL,128013
NON-MATCHING SIGNATURE,DEM,VOTE BY MAIL,117072
NON-MATCHING SIGNATURE,NPP,VOTE BY MAIL,117001
RECEIVED TOO LATE,DEM,VOTE BY MAIL,103009
NON-MATCHING SIGNATURE,REP,VOTE BY MAIL,117002
NON-MATCHING SIGNATURE,DEM,VOTE BY MAIL,128005
RECEIVED TOO LATE,REP,VOTE BY MAIL,128013
RECEIVED TOO LATE,REP,VOTE BY MAIL,128005
NON-MATCHING SIGNATURE,NPP,VOTE BY MAIL,117009
NON-MATCHING SIGNATURE,REP,VOTE BY MAIL,117112
NON-MATCHING SIGNATURE,REP,VOTE BY MAIL,102003
RECEIVED TOO LATE,DEM,VOTE BY MAIL,128001
RECEIVED TOO LATE,DEM,VOTE BY MAIL,117011
NON-MATCHING SIGNATURE,DEM,VOTE BY MAIL,121009
RECEIVED TOO LATE,NPP,VOTE BY MAIL,126001
NON-MATCHING SIGNATURE,DEM,VOTE BY MAIL,117072
RECEIVED TOO LATE,REP,VOTE BY MAIL,117062
RECEIVED TOO LATE,REP,VOTE BY MAIL,128005
NON-MATCHING SIGNATURE,NPP,VOTE BY MAIL,103005
NON-MATCHING SIGNATURE,REP,VOTE BY MAIL,117011
NON-MATCHING SIGNATURE,DEM,VOTE BY MAIL,102007
NON-MATCHING SIGNATURE,DEM,VOTE BY MAIL,117007
NON-MATCHING SIGNATURE,REP,VOTE BY MAIL,117064
RECEIVED TOO LATE,REP,VOTE BY MAIL,128001
RECEIVED TOO LATE,NPP,VOTE BY MAIL,112005
NON-MATCHING SIGNATURE,REP,VOTE BY MAIL,128005
NON-MATCHING SIGNATURE,REP,VOTE BY MAIL,117021
RECEIVED TOO LATE,DEM,VOTE BY MAIL,117090
NON-MATCHING SIGNATURE,NPP,VOTE BY MAIL,108004
NON-MATCHING SIGNATURE,DEM,VOTE BY MAIL,117104
RECEIVED TOO LATE,DEM,VOTE BY MAIL,128005
NON-MATCHING SIGNATURE,DEM,VOTE BY MAIL,107005
NON-MATCHING SIGNATURE,NPP,VOTE BY MAIL,103010
RECEIVED TOO LATE,NPP,VOTE BY MAIL,126008
NON-MATCHING SIGNATURE,AI,VOTE BY MAIL,117088
NON-MATCHING SIGNATURE,DEM,VOTE BY MAIL,117072
RECEIVED TOO LATE,DEM,VOTE BY MAIL,126008
RECEIVED TOO LATE,DEM,VOTE BY MAIL,124001
RECEIVED TOO LATE,REP,VOTE BY MAIL,103005
NON-MATCHING SIGNATURE,NPP,VOTE BY MAIL,128015
RECEIVED TOO LATE,NPP,VOTE BY MAIL,117104
RECEIVED TOO LATE,NPP,VOTE BY MAIL,117104
NON-MATCHING SIGNATURE,NPP,VOTE BY MAIL,124005
RECEIVED TOO LATE,REP,VOTE BY MAIL,117088
NON-MATCHING SIGNATURE,LIB,VOTE BY MAIL,117021
RECEIVED TOO LATE,REP,VOTE BY MAIL,117088
NON-MATCHING SIGNATURE,REP,VOTE BY MAIL,112005
NON-MATCHING SIGNATURE,DEM,VOTE BY MAIL,129001
RECEIVED TOO LATE,REP,VOTE BY MAIL,132002
RECEIVED TOO LATE,REP,VOTE BY MAIL,113002
RECEIVED TOO LATE,DEM,VOTE BY MAIL,124003
NON-MATCHING SIGNATURE,REP,VOTE BY MAIL,117047
NON-MATCHING SIGNATURE,NPP,VOTE BY MAIL,117072
RECEIVED TOO LATE,NPP,VOTE BY MAIL,117090
NON-MATCHING SIGNATURE,NPP,VOTE BY MAIL,119001
RECEIVED TOO LATE,DEM,VOTE BY MAIL,117112
RECEIVED TOO LATE,NPP,VOTE BY MAIL,115001
NON-MATCHING SIGNATURE,NPP,VOTE BY MAIL,128013
RECEIVED TOO LATE,DEM,VOTE BY MAIL,128002
NON-MATCHING SIGNATURE,DEM,VOTE BY MAIL,102003
RECEIVED TOO LATE,DEM,VOTE BY MAIL,126001
RECEIVED TOO LATE,DEM,VOTE BY MAIL,105002
RECEIVED TOO LATE,NPP,VOTE BY MAIL,121009
RECEIVED TOO LATE,AI,VOTE BY MAIL,110008
RECEIVED TOO LATE,REP,VOTE BY MAIL,117112
RECEIVED TOO LATE,DEM,VOTE BY MAIL,128013
NON-MATCHING SIGNATURE,NPP,VOTE BY MAIL,103008
NON-MATCHING SIGNATURE,REP,VOTE BY MAIL,121003
NON-MATCHING SIGNATURE,REP,VOTE BY MAIL,107005
RECEIVED TOO LATE,REP,VOTE BY MAIL,117005
RECEIVED TOO LATE,NPP,VOTE BY MAIL,117003
NON-MATCHING SIGNATURE,DEM,VOTE BY MAIL,126008
NON-MATCHING SIGNATURE,REP,VOTE BY MAIL,124003
RECEIVED TOO LATE,NPP,VOTE BY MAIL,123001
NON-MATCHING SIGNATURE,AI,VOTE BY MAIL,105002
NON-MATCHING SIGNATURE,NPP,VOTE BY MAIL,128028
RECEIVED TOO LATE,NPP,VOTE BY MAIL,117064
RECEIVED TOO LATE,REP,VOTE BY MAIL,117029
RECEIVED TOO LATE,DEM,VOTE BY MAIL,119001
NON-MATCHING SIGNATURE,NPP,VOTE BY MAIL,117005
NON-MATCHING SIGNATURE,REP,VOTE BY MAIL,112005
NON-MATCHING SIGNATURE,REP,VOTE BY MAIL,128028
NON-MATCHING SIGNATURE,AI,VOTE BY MAIL,123001
NON-MATCHING SIGNATURE,REP,VOTE BY MAIL,126001
NON-MATCHING SIGNATURE,DEM,VOTE BY MAIL,108002
NON-MATCHING SIGNATURE,DEM,VOTE BY MAIL,117074
NON-MATCHING SIGNATURE,NPP,VOTE BY MAIL,117029
NON-MATCHING SIGNATURE,REP,VOTE BY MAIL,128028
NON-MATCHING SIGNATURE,NPP,VOTE BY MAIL,102001
NON-MATCHING SIGNATURE,NPP,VOTE BY MAIL,128005
RECEIVED TOO LATE,REP,VOTE BY MAIL,108002
RECEIVED TOO LATE,DEM,VOTE BY MAIL,117010
RECEIVED TOO LATE,GRN,VOTE BY MAIL,128008
NON-MATCHING SIGNATURE,DEM,VOTE BY MAIL,119001
NON-MATCHING SIGNATURE,REP,VOTE BY MAIL,117104
NON-MATCHING SIGNATURE,DEM,VOTE BY MAIL,103001
RECEIVED TOO LATE,NPP,VOTE BY MAIL,128008
NON-MATCHING SIGNATURE,REP,VOTE BY MAIL,117038
NON-MATCHING SIGNATURE,NPP,VOTE BY MAIL,124005
RECEIVED TOO LATE,LIB,VOTE BY MAIL,124003
RECEIVED TOO LATE,DEM,VOTE BY MAIL,128013
NON-MATCHING SIGNATURE,DEM,VOTE BY MAIL,103002
RECEIVED TOO LATE,REP,VOTE BY MAIL,117090
NON-MATCHING SIGNATURE,DEM,VOTE BY MAIL,117059
RECEIVED TOO LATE,DEM,VOTE BY MAIL,117080
NON-MATCHING SIGNATURE,NPP,VOTE BY MAIL,117009
RECEIVED TOO LATE,DEM,VOTE BY MAIL,103002
RECEIVED TOO LATE,DEM,VOTE BY MAIL,103005
NON-MATCHING SIGNATURE,REP,VOTE BY MAIL,117064
RECEIVED TOO LATE,REP,VOTE BY MAIL,124003
RECEIVED TOO LATE,DEM,VOTE BY MAIL,117038
RECEIVED TOO LATE,AI,VOTE BY MAIL,117090
NON-MATCHING SIGNATURE,DEM,VOTE BY MAIL,117014
RECEIVED TOO LATE,DEM,VOTE BY MAIL,124005
RECEIVED TOO LATE,REP,VOTE BY MAIL,117004
NON-MATCHING SIGNATURE,REP,VOTE BY MAIL,128028
NON-MATCHING SIGNATURE,DEM,VOTE BY MAIL,124003
RECEIVED TOO LATE,DEM,VOTE BY MAIL,126002
RECEIVED TOO LATE,DEM,VOTE BY MAIL,121003
NON-MATCHING SIGNATURE,NPP,VOTE BY MAIL,108004
RECEIVED TOO LATE,DEM,VOTE BY MAIL,128007
NON-MATCHING SIGNATURE,NPP,VOTE BY MAIL,126001
NON-MATCHING SIGNATURE,NPP,VOTE BY MAIL,117047
RECEIVED TOO LATE,DEM,VOTE BY MAIL,117058
RECEIVED TOO LATE,NPP,VOTE BY MAIL,117062
NON-MATCHING SIGNATURE,DEM,VOTE BY MAIL,117088
RECEIVED TOO LATE,REP,VOTE BY MAIL,117001
NON-MATCHING SIGNATURE,PF,VOTE BY MAIL,121009
RECEIVED TOO LATE,NPP,VOTE BY MAIL,129001
RECEIVED TOO LATE,DEM,VOTE BY MAIL,121003
NON-MATCHING SIGNATURE,DEM,VOTE BY MAIL,103010
NON-MATCHING SIGNATURE,NPP,VOTE BY MAIL,126008
RECEIVED TOO LATE,REP,VOTE BY MAIL,117021
NON-MATCHING SIGNATURE,DEM,VOTE BY MAIL,117088
RECEIVED TOO LATE,DEM,VOTE BY MAIL,117003
NON-MATCHING SIGNATURE,DEM,VOTE BY MAIL,102007
NON-MATCHING SIGNATURE,DEM,VOTE BY MAIL,117006
NON-MATCHING SIGNATURE,DEM,VOTE BY MAIL,128022
NON-MATCHING SIGNATURE,DEM,VOTE BY MAIL,101003
RECEIVED TOO LATE,AI,VOTE BY MAIL,112005
NON-MATCHING SIGNATURE,NPP,VOTE BY MAIL,103005
RECEIVED TOO LATE,NPP,VOTE BY MAIL,124003
NON-MATCHING SIGNATURE,REP,VOTE BY MAIL,107005
RECEIVED TOO LATE,DEM,VOTE BY MAIL,114001
RECEIVED TOO LATE,REP,VOTE BY MAIL,128005
NON-MATCHING SIGNATURE,DEM,VOTE BY MAIL,126001
RECEIVED TOO LATE,NPP,VOTE BY MAIL,124003
RECEIVED TOO LATE,DEM,VOTE BY MAIL,121003
RECEIVED TOO LATE,DEM,VOTE BY MAIL,117058
RECEIVED TOO LATE,DEM,VOTE BY MAIL,106009
NON-MATCHING SIGNATURE,DEM,VOTE BY MAIL,108002
NON-MATCHING SIGNATURE,DEM,VOTE BY MAIL,117003
RECEIVED TOO LATE,DEM,VOTE BY MAIL,126008
NON-MATCHING SIGNATURE,DEM,VOTE BY MAIL,121001
NON-MATCHING SIGNATURE,NPP,VOTE BY MAIL,117009
RECEIVED TOO LATE,NPP,VOTE BY MAIL,112005
RECEIVED TOO LATE,DEM,VOTE BY MAIL,128008
NON-MATCHING SIGNATURE,REP,VOTE BY MAIL,117074
NON-MATCHING SIGNATURE,REP,VOTE BY MAIL,103010
NON-MATCHING SIGNATURE,REP,VOTE BY MAIL,117029
NON-MATCHING SIGNATURE,DEM,VOTE BY MAIL,128002
NON-MATCHING SIGNATURE,NPP,VOTE BY MAIL,129001
NON-MATCHING SIGNATURE,REP,VOTE BY MAIL,117090
NON-MATCHING SIGNATURE,LIB,VOTE BY MAIL,110008
RECEIVED TOO LATE,NPP,VOTE BY MAIL,117006
RECEIVED TOO LATE,NPP,VOTE BY MAIL,117062
NON-MATCHING SIGNATURE,DEM,VOTE BY MAIL,128013
NON-MATCHING SIGNATURE,NPP,VOTE BY MAIL,124001
RECEIVED TOO LATE,LIB,VOTE BY MAIL,124003
NON-MATCHING SIGNATURE,NPP,VOTE BY MAIL,128028
NON-MATCHING SIGNATURE,DEM,VOTE BY MAIL,128002
RECEIVED TOO LATE,DEM,VOTE BY MAIL,110008
RECEIVED TOO LATE,NPP,VOTE BY MAIL,117004
NON-MATCHING SIGNATURE,REP,VOTE BY MAIL,126002
NON-MATCHING SIGNATURE,DEM,VOTE BY MAIL,114001
NON-MATCHING SIGNATURE,DEM,VOTE BY MAIL,128002
NON-MATCHING SIGNATURE,DEM,VOTE BY MAIL,117004
RECEIVED TOO LATE,DEM,VOTE BY MAIL,106001
NON-MATCHING SIGNATURE,DEM,VOTE BY MAIL,114001
RECEIVED TOO LATE,DEM,VOTE BY MAIL,106009
NON-MATCHING SIGNATURE,NPP,VOTE BY MAIL,117090
NON-MATCHING SIGNATURE,REP,VOTE BY MAIL,128022
NON-MATCHING SIGNATURE,AI,VOTE BY MAIL,117072
RECEIVED TOO LATE,REP,VOTE BY MAIL,117072
NON-MATCHING SIGNATURE,REP,VOTE BY MAIL,115001
RECEIVED TOO LATE,LIB,VOTE BY MAIL,103005
NON-MATCHING SIGNATURE,NPP,VOTE BY MAIL,103008
RECEIVED TOO LATE,DEM,VOTE BY MAIL,128001
NON-MATCHING SIGNATURE,DEM,VOTE BY MAIL,114001
RECEIVED TOO LATE,REP,VOTE BY MAIL,115001
RECEIVED TOO LATE,REP,VOTE BY MAIL,108002
RECEIVED TOO LATE,NPP,VOTE BY MAIL,128015
RECEIVED TOO LATE,NPP,VOTE BY MAIL,121001
RECEIVED TOO LATE,AI,VOTE BY MAIL,103005
NON-MATCHING SIGNATURE,NPP,VOTE BY MAIL,129001
NON-MATCHING SIGNATURE,NPP,VOTE BY MAIL,128028
NON-MATCHING SIGNATURE,REP,VOTE BY MAIL,117091
RECEIVED TOO LATE,DEM,VOTE BY MAIL,124003
RECEIVED TOO LATE,DEM,VOTE BY MAIL,117059
RECEIVED TOO LATE,NPP,VOTE BY MAIL,124003
NON-MATCHING SIGNATURE,DEM,VOTE BY MAIL,117047
NON-MATCHING SIGNATURE,REP,VOTE BY MAIL,117088
NON-MATCHING SIGNATURE,NPP,VOTE BY MAIL,117014
NON-MATCHING SIGNATURE,DEM,VOTE BY MAIL,117090
RECEIVED TOO LATE,REP,VOTE BY MAIL,106009
RECEIVED TOO LATE,REP,VOTE BY MAIL,117009
RECEIVED TOO LATE,REP,VOTE BY MAIL,128008
RECEIVED TOO LATE,DEM,VOTE BY MAIL,106009
NON-MATCHING SIGNATURE,REP,VOTE BY MAIL,102003
NON-MATCHING SIGNATURE,AI,VOTE BY MAIL,112005
NON-MATCHING SIGNATURE,DEM,VOTE BY MAIL,121003
NON-MATCHING SIGNATURE,DEM,VOTE BY MAIL,117006
RECEIVED TOO LATE,DEM,VOTE BY MAIL,117029
RECEIVED TOO LATE,DEM,VOTE BY MAIL,124003
NON-MATCHING SIGNATURE,NPP,VOTE BY MAIL,117090
NON-MATCHING SIGNATURE,REP,VOTE BY MAIL,117021
NON-MATCHING SIGNATURE,REP,VOTE BY MAIL,117038
RECEIVED TOO LATE,REP,VOTE BY MAIL,117047
NON-MATCHING SIGNATURE,REP,VOTE BY MAIL,110008
NON-MATCHING SIGNATURE,REP,VOTE BY MAIL,117072
RECEIVED TOO LATE,REP,VOTE BY MAIL,103004
NON-MATCHING SIGNATURE,DEM,VOTE BY MAIL,124003
NON-MATCHING SIGNATURE,NPP,VOTE BY MAIL,128022
RECEIVED TOO LATE,REP,VOTE BY MAIL,128028
RECEIVED TOO LATE,DEM,VOTE BY MAIL,128028
NON-MATCHING SIGNATURE,NPP,VOTE BY MAIL,128028
NON-MATCHING SIGNATURE,NPP,VOTE BY MAIL,101001
NON-MATCHING SIGNATURE,NPP,VOTE BY MAIL,128008
NON-MATCHING SIGNATURE,NPP,VOTE BY MAIL,128022
NON-MATCHING SIGNATURE,REP,VOTE BY MAIL,102003
NON-MATCHING SIGNATURE,DEM,VOTE BY MAIL,124001
RECEIVED TOO LATE,DEM,VOTE BY MAIL,117011
RECEIVED TOO LATE,NPP,VOTE BY MAIL,128013
NON-MATCHING SIGNATURE,DEM,VOTE BY MAIL,117003
NON-MATCHING SIGNATURE,REP,VOTE BY MAIL,128028
NON-MATCHING SIGNATURE,REP,VOTE BY MAIL,117072
RECEIVED TOO LATE,NPP,VOTE BY MAIL,124001
NON-MATCHING SIGNATURE,NPP,VOTE BY MAIL,121001
RECEIVED TOO LATE,DEM,VOTE BY MAIL,117006
RECEIVED TOO LATE,NPP,VOTE BY MAIL,117029
RECEIVED TOO LATE,REP,VOTE BY MAIL,124001
RECEIVED TOO LATE,REP,VOTE BY MAIL,128013
NON-MATCHING SIGNATURE,REP,VOTE BY MAIL,117009
NON-MATCHING SIGNATURE,DEM,VOTE BY MAIL,117064
NON-MATCHING SIGNATURE,NPP,VOTE BY MAIL,103010
NON-MATCHING SIGNATURE,NPP,VOTE BY MAIL,117112
NON-MATCHING SIGNATURE,NPP,VOTE BY MAIL,124005
NON-MATCHING SIGNATURE,DEM,VOTE BY MAIL,132002
RECEIVED TOO LATE,DEM,VOTE BY MAIL,117003
NON-MATCHING SIGNATURE,REP,VOTE BY MAIL,128015
RECEIVED TOO LATE,REP,VOTE BY MAIL,112005
NON-MATCHING SIGNATURE,REP,VOTE BY MAIL,128005
RECEIVED TOO LATE,DEM,VOTE BY MAIL,107010
NON-MATCHING SIGNATURE,DEM,VOTE BY MAIL,117004
RECEIVED TOO LATE,REP,VOTE BY MAIL,101001
RECEIVED TOO LATE,AI,VOTE BY MAIL,128005
RECEIVED TOO LATE,REP,VOTE BY MAIL,117064
RECEIVED TOO LATE,REP,VOTE BY MAIL,117074
NON-MATCHING SIGNATURE,REP,VOTE BY MAIL,103009
RECEIVED TOO LATE,DEM,VOTE BY MAIL,128001
RECEIVED TOO LATE,DEM,VOTE BY MAIL,121009
RECEIVED TOO LATE,NPP,VOTE BY MAIL,126002
RECEIVED TOO LATE,NPP,VOTE BY MAIL,114001
NON-MATCHING SIGNATURE,AI,VOTE BY MAIL,107005
NON-MATCHING SIGNATURE,NPP,VOTE BY MAIL,126001
RECEIVED TOO LATE,DEM,VOTE BY MAIL,128007
NON-MATCHING SIGNATURE,REP,VOTE BY MAIL,114001
RECEIVED TOO LATE,REP,VOTE BY MAIL,104001
RECEIVED TOO LATE,DEM,VOTE BY MAIL,124005
NON-MATCHING SIGNATURE,REP,VOTE BY MAIL,103008
NON-MATCHING SIGNATURE,REP,VOTE BY MAIL,121009
NON-MATCHING SIGNATURE,DEM,VOTE BY MAIL,117058
NON-MATCHING SIGNATURE,DEM,VOTE BY MAIL,128007
RECEIVED TOO LATE,DEM,VOTE BY MAIL,128005
RECEIVED TOO LATE,REP,VOTE BY MAIL,126001
RECEIVED TOO LATE,REP,VOTE BY MAIL,117047
RECEIVED TOO LATE,NPP,VOTE BY MAIL,126008
RECEIVED TOO LATE,DEM,VOTE BY MAIL,117038
RECEIVED TOO LATE,NPP,VOTE BY MAIL,103005
RECEIVED TOO LATE,DEM,VOTE BY MAIL,126002
RECEIVED TOO LATE,NPP,VOTE BY MAIL,124003
NON-MATCHING SIGNATURE,AI,VOTE BY MAIL,128022
NON-MATCHING SIGNATURE,REP,VOTE BY MAIL,103001
RECEIVED TOO LATE,REP,VOTE BY MAIL,105002
NON-MATCHING SIGNATURE,NPP,VOTE BY MAIL,128022
NON-MATCHING SIGNATURE,REP,VOTE BY MAIL,105006
NON-MATCHING SIGNATURE,DEM,VOTE BY MAIL,117058
NON-MATCHING SIGNATURE,DEM,VOTE BY MAIL,117064
RECEIVED TOO LATE,DEM,VOTE BY MAIL,117090
NON-MATCHING SIGNATURE,REP,VOTE BY MAIL,108002
NO VOTER SIGNATURE,NPP,VOTE BY MAIL,128028
NON-MATCHING SIGNATURE,DEM,VOTE BY MAIL,117064
NON-MATCHING SIGNATURE,REP,VOTE BY MAIL,117112
RECEIVED TOO LATE,NPP,VOTE BY MAIL,117004
RECEIVED TOO LATE,REP,VOTE BY MAIL,121009
NON-MATCHING SIGNATURE,REP,VOTE BY MAIL,119001
RECEIVED TOO LATE,NPP,VOTE BY MAIL,128022
RECEIVED TOO LATE,NPP,VOTE BY MAIL,121009
NON-MATCHING SIGNATURE,NPP,VOTE BY MAIL,102007
RECEIVED TOO LATE,DEM,VOTE BY MAIL,102007
NON-MATCHING SIGNATURE,REP,VOTE BY MAIL,124005
RECEIVED TOO LATE,DEM,VOTE BY MAIL,128022
NO VOTER SIGNATURE,REP,VOTE BY MAIL,117091
NON-MATCHING SIGNATURE,DEM,VOTE BY MAIL,121009
NON-MATCHING SIGNATURE,DEM,VOTE BY MAIL,103005
NON-MATCHING SIGNATURE,DEM,VOTE BY MAIL,117059
RECEIVED TOO LATE,DEM,VOTE BY MAIL,117009
NON-MATCHING SIGNATURE,NPP,VOTE BY MAIL,117029
RECEIVED TOO LATE,REP,VOTE BY MAIL,126008
RECEIVED TOO LATE,DEM,VOTE BY MAIL,102003
NON-MATCHING SIGNATURE,REP,VOTE BY MAIL,104002
NON-MATCHING SIGNATURE,AI,VOTE BY MAIL,107005
NON-MATCHING SIGNATURE,NPP,VOTE BY MAIL,117004
RECEIVED TOO LATE,DEM,VOTE BY MAIL,117112
RECEIVED TOO LATE,NPP,VOTE BY MAIL,103005
NON-MATCHING SIGNATURE,NPP,VOTE BY MAIL,124001
RECEIVED TOO LATE,DEM,VOTE BY MAIL,117064
NON-MATCHING SIGNATURE,DEM,VOTE BY MAIL,128008
NON-MATCHING SIGNATURE,NPP,VOTE BY MAIL,117059
NON-MATCHING SIGNATURE,REP,VOTE BY MAIL,128007
NON-MATCHING SIGNATURE,REP,VOTE BY MAIL,110001
RECEIVED TOO LATE,REP,VOTE BY MAIL,132002
RECEIVED TOO LATE,NPP,VOTE BY MAIL,117074
RECEIVED TOO LATE,NPP,VOTE BY MAIL,102003
RECEIVED TOO LATE,DEM,VOTE BY MAIL,106009
RECEIVED TOO LATE,NPP,VOTE BY MAIL,117080
RECEIVED TOO LATE,REP,VOTE BY MAIL,107010
RECEIVED TOO LATE,AI,VOTE BY MAIL,103002
RECEIVED TOO LATE,REP,VOTE BY MAIL,110001
NON-MATCHING SIGNATURE,DEM,VOTE BY MAIL,119001
NON-MATCHING SIGNATURE,DEM,VOTE BY MAIL,117058
NON-MATCHING SIGNATURE,NPP,VOTE BY MAIL,117090
NON-MATCHING SIGNATURE,REP,VOTE BY MAIL,129001
NON-MATCHING SIGNATURE,NPP,VOTE BY MAIL,117004
NON-MATCHING SIGNATURE,NPP,VOTE BY MAIL,117058
RECEIVED TOO LATE,REP,VOTE BY MAIL,107005
NON-MATCHING SIGNATURE,DEM,VOTE BY MAIL,117064
RECEIVED TOO LATE,REP,VOTE BY MAIL,128028
NON-MATCHING SIGNATURE,REP,VOTE BY MAIL,117007
NON-MATCHING SIGNATURE,DEM,VOTE BY MAIL,129001
RECEIVED TOO LATE,REP,VOTE BY MAIL,117064
NON-MATCHING SIGNATURE,AI,VOTE BY MAIL,121009
RECEIVED TOO LATE,DEM,VOTE BY MAIL,126008
NON-MATCHING SIGNATURE,NPP,VOTE BY MAIL,117064
NON-MATCHING SIGNATURE,DEM,VOTE BY MAIL,106009
RECEIVED TOO LATE,NPP,VOTE BY MAIL,117090
NON-MATCHING SIGNATURE,DEM,VOTE BY MAIL,105002
RECEIVED TOO LATE,REP,VOTE BY MAIL,128013
NON-MATCHING SIGNATURE,NPP,VOTE BY MAIL,124005
RECEIVED TOO LATE,NPP,VOTE BY MAIL,126008
NON-MATCHING SIGNATURE,DEM,VOTE BY MAIL,117005
NON-MATCHING SIGNATURE,DEM,VOTE BY MAIL,107005
RECEIVED TOO LATE,REP,VOTE BY MAIL,117112
RECEIVED TOO LATE,DEM,VOTE BY MAIL,117080
NON-MATCHING SIGNATURE,REP,VOTE BY MAIL,110001
NON-MATCHING SIGNATURE,DEM,VOTE BY MAIL,117058
NON-MATCHING SIGNATURE,DEM,VOTE BY MAIL,117088
NON-MATCHING SIGNATURE,REP,VOTE BY MAIL,121009
NON-MATCHING SIGNATURE,DEM,VOTE BY MAIL,117062
RECEIVED TOO LATE,REP,VOTE BY MAIL,107005
NON-MATCHING SIGNATURE,REP,VOTE BY MAIL,121003
NON-MATCHING SIGNATURE,AI,VOTE BY MAIL,124005
NON-MATCHING SIGNATURE,NPP,VOTE BY MAIL,121001
NO VOTER SIGNATURE,AI,VOTE BY MAIL,104001
NON-MATCHING SIGNATURE,NPP,VOTE BY MAIL,126001
NON-MATCHING SIGNATURE,REP,VOTE BY MAIL,117090
RECEIVED TOO LATE,NPP,VOTE BY MAIL,108002
RECEIVED TOO LATE,DEM,VOTE BY MAIL,117005
NON-MATCHING SIGNATURE,LIB,VOTE BY MAIL,126001
NON-MATCHING SIGNATURE,DEM,VOTE BY MAIL,117010
RECEIVED TOO LATE,DEM,VOTE BY MAIL,117003
RECEIVED TOO LATE,DEM,VOTE BY MAIL,103008
RECEIVED TOO LATE,DEM,VOTE BY MAIL,126008
RECEIVED TOO LATE,REP,VOTE BY MAIL,105002
NON-MATCHING SIGNATURE,AI,VOTE BY MAIL,117002
RECEIVED TOO LATE,DEM,VOTE BY MAIL,117064
RECEIVED TOO LATE,DEM,VOTE BY MAIL,117091
RECEIVED TOO LATE,AI,VOTE BY MAIL,117038
NON-MATCHING SIGNATURE,REP,VOTE BY MAIL,129001
RECEIVED TOO LATE,NPP,VOTE BY MAIL,117064
RECEIVED TOO LATE,DEM,VOTE BY MAIL,117014
NON-MATCHING SIGNATURE,AI,VOTE BY MAIL,121003
NON-MATCHING SIGNATURE,REP,VOTE BY MAIL,117091
NON-MATCHING SIGNATURE,REP,VOTE BY MAIL,117104
NON-MATCHING SIGNATURE,REP,VOTE BY MAIL,117088
NON-MATCHING SIGNATURE,REP,VOTE BY MAIL,117038
NO VOTER SIGNATURE,DEM,VOTE BY MAIL,114001
NON-MATCHING SIGNATURE,DEM,VOTE BY MAIL,129001
RECEIVED TOO LATE,NPP,VOTE BY MAIL,103002
RECEIVED TOO LATE,NPP,VOTE BY MAIL,103002
RECEIVED TOO LATE,NPP,VOTE BY MAIL,126002
NON-MATCHING SIGNATURE,DEM,VOTE BY MAIL,117010
NON-MATCHING SIGNATURE,REP,VOTE BY MAIL,108002
RECEIVED TOO LATE,DEM,VOTE BY MAIL,106009
NON-MATCHING SIGNATURE,DEM,VOTE BY MAIL,103005
RECEIVED TOO LATE,DEM,VOTE BY MAIL,112003
NON-MATCHING SIGNATURE,REP,VOTE BY MAIL,126008
RECEIVED TOO LATE,REP,VOTE BY MAIL,117010
NON-MATCHING SIGNATURE,REP,VOTE BY MAIL,109004
NON-MATCHING SIGNATURE,AI,VOTE BY MAIL,103008
NON-MATCHING SIGNATURE,NPP,VOTE BY MAIL,108002
RECEIVED TOO LATE,REP,VOTE BY MAIL,124005
NON-MATCHING SIGNATURE,REP,VOTE BY MAIL,117011
NON-MATCHING SIGNATURE,NPP,VOTE BY MAIL,121001
RECEIVED TOO LATE,NPP,VOTE BY MAIL,128013
NON-MATCHING SIGNATURE,REP,VOTE BY MAIL,117080
RECEIVED TOO LATE,REP,VOTE BY MAIL,117038
RECEIVED TOO LATE,DEM,VOTE BY MAIL,129001
NON-MATCHING SIGNATURE,DEM,VOTE BY MAIL,117014
NON-MATCHING SIGNATURE,REP,VOTE BY MAIL,117058
RECEIVED TOO LATE,DEM,VOTE BY MAIL,117029
NON-MATCHING SIGNATURE,REP,VOTE BY MAIL,109004
NON-MATCHING SIGNATURE,REP,VOTE BY MAIL,121009
NON-MATCHING SIGNATURE,NPP,VOTE BY MAIL,102003
RECEIVED TOO LATE,NPP,VOTE BY MAIL,117003
NON-MATCHING SIGNATURE,NPP,VOTE BY MAIL,102001
RECEIVED TOO LATE,REP,VOTE BY MAIL,119001
RECEIVED TOO LATE,REP,VOTE BY MAIL,128013
NON-MATCHING SIGNATURE,NPP,VOTE BY MAIL,117112
NON-MATCHING SIGNATURE,NPP,VOTE BY MAIL,117003
NON-MATCHING SIGNATURE,NPP,VOTE BY MAIL,117058
RECEIVED TOO LATE,REP,VOTE BY MAIL,128022
NON-MATCHING SIGNATURE,REP,VOTE BY MAIL,121003
RECEIVED TOO LATE,DEM,VOTE BY MAIL,117007
RECEIVED TOO LATE,REP,VOTE BY MAIL,115001
NON-MATCHING SIGNATURE,DEM,VOTE BY MAIL,126002
NON-MATCHING SIGNATURE,NPP,VOTE BY MAIL,117011
NON-MATCHING SIGNATURE,DEM,VOTE BY MAIL,117014
RECEIVED TOO LATE,DEM,VOTE BY MAIL,128013
NON-MATCHING SIGNATURE,NPP,VOTE BY MAIL,117062
NON-MATCHING SIGNATURE,NPP,VOTE BY MAIL,117062
NON-MATCHING SIGNATURE,NPP,VOTE BY MAIL,117062
NON-MATCHING SIGNATURE,REP,VOTE BY MAIL,128005
RECEIVED TOO LATE,DEM,VOTE BY MAIL,121009
NON-MATCHING SIGNATURE,REP,VOTE BY MAIL,124001
NON-MATCHING SIGNATURE,REP,VOTE BY MAIL,117029
NON-MATCHING SIGNATURE,DEM,VOTE BY MAIL,103005
NON-MATCHING SIGNATURE,REP,VOTE BY MAIL,128013
NON-MATCHING SIGNATURE,REP,VOTE BY MAIL,124005
RECEIVED TOO LATE,REP,VOTE BY MAIL,128005
NON-MATCHING SIGNATURE,DEM,VOTE BY MAIL,103002
RECEIVED TOO LATE,DEM,VOTE BY MAIL,115001
NON-MATCHING SIGNATURE,DEM,VOTE BY MAIL,105002
NON-MATCHING SIGNATURE,NPP,VOTE BY MAIL,117001
NON-MATCHING SIGNATURE,DEM,VOTE BY MAIL,126001
NON-MATCHING SIGNATURE,DEM,VOTE BY MAIL,103004
RECEIVED TOO LATE,NPP,VOTE BY MAIL,117074
NON-MATCHING SIGNATURE,NPP,VOTE BY MAIL,117004
NON-MATCHING SIGNATURE,NPP,VOTE BY MAIL,104002
NON-MATCHING SIGNATURE,REP,VOTE BY MAIL,117064
NON-MATCHING SIGNATURE,REP,VOTE BY MAIL,128013
RECEIVED TOO LATE,NPP,VOTE BY MAIL,102003
RECEIVED TOO LATE,DEM,VOTE BY MAIL,128028
RECEIVED TOO LATE,DEM,VOTE BY MAIL,115001
NON-MATCHING SIGNATURE,NPP,VOTE BY MAIL,126001
RECEIVED TOO LATE,DEM,VOTE BY MAIL,117010
NON-MATCHING SIGNATURE,NPP,VOTE BY MAIL,117038
RECEIVED TOO LATE,NPP,VOTE BY MAIL,128015
NON-MATCHING SIGNATURE,DEM,VOTE BY MAIL,104002
RECEIVED TOO LATE,DEM,VOTE BY MAIL,124003
RECEIVED TOO LATE,DEM,VOTE BY MAIL,126008
NON-MATCHING SIGNATURE,DEM,VOTE BY MAIL,117002
NON-MATCHING SIGNATURE,NPP,VOTE BY MAIL,117003
NON-MATCHING SIGNATURE,NPP,VOTE BY MAIL,102007
NON-MATCHING SIGNATURE,DEM,VOTE BY MAIL,117029
RECEIVED TOO LATE,REP,VOTE BY MAIL,117058
NON-MATCHING SIGNATURE,NPP,VOTE BY MAIL,117038
NON-MATCHING SIGNATURE,REP,VOTE BY MAIL,121001
RECEIVED TOO LATE,NPP,VOTE BY MAIL,124001
NON-MATCHING SIGNATURE,DEM,VOTE BY MAIL,126008
RECEIVED TOO LATE,DEM,VOTE BY MAIL,117090
RECEIVED TOO LATE,REP,VOTE BY MAIL,121003
RECEIVED TOO LATE,REP,VOTE BY MAIL,124005
RECEIVED TOO LATE,NPP,VOTE BY MAIL,124005
RECEIVED TOO LATE,REP,VOTE BY MAIL,128013
NO VOTER SIGNATURE,REP,VOTE BY MAIL,128013
NON-MATCHING SIGNATURE,REP,VOTE BY MAIL,126001
RECEIVED TOO LATE,AI,VOTE BY MAIL,117001
NON-MATCHING SIGNATURE,REP,VOTE BY MAIL,128005
RECEIVED TOO LATE,NPP,VOTE BY MAIL,117088
NON-MATCHING SIGNATURE,DEM,VOTE BY MAIL,128013
NON-MATCHING SIGNATURE,REP,VOTE BY MAIL,108004
RECEIVED TOO LATE,REP,VOTE BY MAIL,119001
NON-MATCHING SIGNATURE,DEM,VOTE BY MAIL,128015
RECEIVED TOO LATE,REP,VOTE BY MAIL,128015
NON-MATCHING SIGNATURE,AI,VOTE BY MAIL,117088
RECEIVED TOO LATE,REP,VOTE BY MAIL,126002
NON-MATCHING SIGNATURE,DEM,VOTE BY MAIL,103010
NON-MATCHING SIGNATURE,DEM,VOTE BY MAIL,103009
NON-MATCHING SIGNATURE,REP,VOTE BY MAIL,117088
NON-MATCHING SIGNATURE,DEM,VOTE BY MAIL,117064
NON-MATCHING SIGNATURE,REP,VOTE BY MAIL,102002
NON-MATCHING SIGNATURE,NPP,VOTE BY MAIL,117090
NON-MATCHING SIGNATURE,DEM,VOTE BY MAIL,124005
NON-MATCHING SIGNATURE,DEM,VOTE BY MAIL,124005
RECEIVED TOO LATE,REP,VOTE BY MAIL,105006
RECEIVED TOO LATE,NPP,VOTE BY MAIL,128001
RECEIVED TOO LATE,REP,VOTE BY MAIL,124003
RECEIVED TOO LATE,NPP,VOTE BY MAIL,117004
RECEIVED TOO LATE,NPP,VOTE BY MAIL,126001
RECEIVED TOO LATE,DEM,VOTE BY MAIL,126002
RECEIVED TOO LATE,DEM,VOTE BY MAIL,103001
RECEIVED TOO LATE,REP,VOTE BY MAIL,108004
NON-MATCHING SIGNATURE,NPP,VOTE BY MAIL,101003
NON-MATCHING SIGNATURE,REP,VOTE BY MAIL,115001
NON-MATCHING SIGNATURE,REP,VOTE BY MAIL,126002
NON-MATCHING SIGNATURE,NPP,VOTE BY MAIL,117010
NON-MATCHING SIGNATURE,REP,VOTE BY MAIL,128005
NON-MATCHING SIGNATURE,REP,VOTE BY MAIL,117088
NON-MATCHING SIGNATURE,NPP,VOTE BY MAIL,117112
NON-MATCHING SIGNATURE,REP,VOTE BY MAIL,121003
NON-MATCHING SIGNATURE,DEM,VOTE BY MAIL,126002
RECEIVED TOO LATE,DEM,VOTE BY MAIL,117011
RECEIVED TOO LATE,REP,VOTE BY MAIL,103005
NON-MATCHING SIGNATURE,DEM,VOTE BY MAIL,117088
RECEIVED TOO LATE,REP,VOTE BY MAIL,105002
NON-MATCHING SIGNATURE,DEM,VOTE BY MAIL,117072
RECEIVED TOO LATE,NPP,VOTE BY MAIL,103008
RECEIVED TOO LATE,AI,VOTE BY MAIL,109004
RECEIVED TOO LATE,AI,VOTE BY MAIL,109004
RECEIVED TOO LATE,NPP,VOTE BY MAIL,121001
RECEIVED TOO LATE,AI,VOTE BY MAIL,119001
RECEIVED TOO LATE,DEM,VOTE BY MAIL,119001
NON-MATCHING SIGNATURE,REP,VOTE BY MAIL,126002
NON-MATCHING SIGNATURE,DEM,VOTE BY MAIL,117011
RECEIVED TOO LATE,DEM,VOTE BY MAIL,117112
NON-MATCHING SIGNATURE,NPP,VOTE BY MAIL,105002
RECEIVED TOO LATE,NPP,VOTE BY MAIL,124005
NON-MATCHING SIGNATURE,NPP,VOTE BY MAIL,110008
NON-MATCHING SIGNATURE,REP,VOTE BY MAIL,128013
RECEIVED TOO LATE,NPP,VOTE BY MAIL,128005
NON-MATCHING SIGNATURE,REP,VOTE BY MAIL,128007
NON-MATCHING SIGNATURE,REP,VOTE BY MAIL,117001
NON-MATCHING SIGNATURE,DEM,VOTE BY MAIL,103010
NON-MATCHING SIGNATURE,NPP,VOTE BY MAIL,117047
RECEIVED TOO LATE,DEM,VOTE BY MAIL,128001
NON-MATCHING SIGNATURE,NPP,VOTE BY MAIL,128028
NON-MATCHING SIGNATURE,DEM,VOTE BY MAIL,117080
RECEIVED TOO LATE,DEM,VOTE BY MAIL,117059
NON-MATCHING SIGNATURE,DEM,VOTE BY MAIL,124005
RECEIVED TOO LATE,REP,VOTE BY MAIL,103002
NON-MATCHING SIGNATURE,NPP,VOTE BY MAIL,128013
NON-MATCHING SIGNATURE,REP,VOTE BY MAIL,117091
NON-MATCHING SIGNATURE,NPP,VOTE BY MAIL,115001
RECEIVED TOO LATE,REP,VOTE BY MAIL,121009
NON-MATCHING SIGNATURE,REP,VOTE BY MAIL,117059
NON-MATCHING SIGNATURE,REP,VOTE BY MAIL,117058
RECEIVED TOO LATE,NPP,VOTE BY MAIL,103005
RECEIVED TOO LATE,DEM,VOTE BY MAIL,102012
RECEIVED TOO LATE,NPP,VOTE BY MAIL,117064
RECEIVED TOO LATE,AI,VOTE BY MAIL,117064
NON-MATCHING SIGNATURE,REP,VOTE BY MAIL,104001
RECEIVED TOO LATE,AI,VOTE BY MAIL,117064
NON-MATCHING SIGNATURE,DEM,VOTE BY MAIL,117011
RECEIVED TOO LATE,NPP,VOTE BY MAIL,103004
NON-MATCHING SIGNATURE,REP,VOTE BY MAIL,107010
NON-MATCHING SIGNATURE,DEM,VOTE BY MAIL,110001
NON-MATCHING SIGNATURE,DEM,VOTE BY MAIL,124005
RECEIVED TOO LATE,REP,VOTE BY MAIL,128002
RECEIVED TOO LATE,NPP,VOTE BY MAIL,102002
NON-MATCHING SIGNATURE,DEM,VOTE BY MAIL,117088
RECEIVED TOO LATE,REP,VOTE BY MAIL,103001
RECEIVED TOO LATE,NPP,VOTE BY MAIL,126002
NON-MATCHING SIGNATURE,NPP,VOTE BY MAIL,117058
RECEIVED TOO LATE,NPP,VOTE BY MAIL,117072
NON-MATCHING SIGNATURE,NPP,VOTE BY MAIL,102007
NON-MATCHING SIGNATURE,DEM,VOTE BY MAIL,117088
NON-MATCHING SIGNATURE,NPP,VOTE BY MAIL,128001
RECEIVED TOO LATE,NPP,VOTE BY MAIL,110008
RECEIVED TOO LATE,NPP,VOTE BY MAIL,126008
NON-MATCHING SIGNATURE,DEM,VOTE BY MAIL,102001
RECEIVED TOO LATE,NPP,VOTE BY MAIL,117010
RECEIVED TOO LATE,REP,VOTE BY MAIL,121009
NON-MATCHING SIGNATURE,REP,VOTE BY MAIL,107010
NON-MATCHING SIGNATURE,REP,VOTE BY MAIL,103009
RECEIVED TOO LATE,DEM,VOTE BY MAIL,117088
RECEIVED TOO LATE,DEM,VOTE BY MAIL,124003
RECEIVED TOO LATE,REP,VOTE BY MAIL,117090
NON-MATCHING SIGNATURE,NPP,VOTE BY MAIL,102002
RECEIVED TOO LATE,REP,VOTE BY MAIL,126002
RECEIVED TOO LATE,REP,VOTE BY MAIL,108001
NON-MATCHING SIGNATURE,DEM,VOTE BY MAIL,126008
NON-MATCHING SIGNATURE,DEM,VOTE BY MAIL,102001
NON-MATCHING SIGNATURE,REP,VOTE BY MAIL,124005
NON-MATCHING SIGNATURE,DEM,VOTE BY MAIL,103005
NON-MATCHING SIGNATURE,DEM,VOTE BY MAIL,117038
NON-MATCHING SIGNATURE,REP,VOTE BY MAIL,121009
NON-MATCHING SIGNATURE,DEM,VOTE BY MAIL,132002
NON-MATCHING SIGNATURE,DEM,VOTE BY MAIL,121001
NON-MATCHING SIGNATURE,NPP,VOTE BY MAIL,117006
RECEIVED TOO LATE,NPP,VOTE BY MAIL,107005
NON-MATCHING SIGNATURE,NPP,VOTE BY MAIL,117029
NON-MATCHING SIGNATURE,NPP,VOTE BY MAIL,132002
NON-MATCHING SIGNATURE,DEM,VOTE BY MAIL,126008
NON-MATCHING SIGNATURE,AI,VOTE BY MAIL,117007
NON-MATCHING SIGNATURE,REP,VOTE BY MAIL,128005
NON-MATCHING SIGNATURE,DEM,VOTE BY MAIL,129001
RECEIVED TOO LATE,DEM,VOTE BY MAIL,117059
NON-MATCHING SIGNATURE,DEM,VOTE BY MAIL,112005
NON-MATCHING SIGNATURE,REP,VOTE BY MAIL,114001
NON-MATCHING SIGNATURE,REP,VOTE BY MAIL,105003
NON-MATCHING SIGNATURE,DEM,VOTE BY MAIL,124003
NON-MATCHING SIGNATURE,REP,VOTE BY MAIL,117038
RECEIVED TOO LATE,REP,VOTE BY MAIL,110001
NON-MATCHING SIGNATURE,DEM,VOTE BY MAIL,128028
NON-MATCHING SIGNATURE,NPP,VOTE BY MAIL,128005
NON-MATCHING SIGNATURE,DEM,VOTE BY MAIL,117072
RECEIVED TOO LATE,REP,VOTE BY MAIL,110008
RECEIVED TOO LATE,NPP,VOTE BY MAIL,128001
NON-MATCHING SIGNATURE,REP,VOTE BY MAIL,124005
NON-MATCHING SIGNATURE,DEM,VOTE BY MAIL,117088
RECEIVED TOO LATE,NPP,VOTE BY MAIL,103008
NON-MATCHING SIGNATURE,REP,VOTE BY MAIL,117072
RECEIVED TOO LATE,NPP,VOTE BY MAIL,128005
NON-MATCHING SIGNATURE,DEM,VOTE BY MAIL,117058
RECEIVED TOO LATE,NPP,VOTE BY MAIL,103005
RECEIVED TOO LATE,REP,VOTE BY MAIL,126002
NON-MATCHING SIGNATURE,DEM,VOTE BY MAIL,102001
NON-MATCHING SIGNATURE,DEM,VOTE BY MAIL,102007
RECEIVED TOO LATE,NPP,VOTE BY MAIL,117002
NON-MATCHING SIGNATURE,DEM,VOTE BY MAIL,117062
NON-MATCHING SIGNATURE,NPP,VOTE BY MAIL,117058
NON-MATCHING SIGNATURE,NPP,VOTE BY MAIL,117059
NON-MATCHING SIGNATURE,DEM,VOTE BY MAIL,117104
RECEIVED TOO LATE,DEM,VOTE BY MAIL,103010
RECEIVED TOO LATE,REP,VOTE BY MAIL,128013
RECEIVED TOO LATE,DEM,VOTE BY MAIL,129001
RECEIVED TOO LATE,DEM,VOTE BY MAIL,102001
RECEIVED TOO LATE,AI,VOTE BY MAIL,126002
NON-MATCHING SIGNATURE,REP,VOTE BY MAIL,128008
NON-MATCHING SIGNATURE,AI,VOTE BY MAIL,103004
NON-MATCHING SIGNATURE,DEM,VOTE BY MAIL,106009
RECEIVED TOO LATE,DEM,VOTE BY MAIL,112005
RECEIVED TOO LATE,NPP,VOTE BY MAIL,117014
RECEIVED TOO LATE,REP,VOTE BY MAIL,128028
NON-MATCHING SIGNATURE,DEM,VOTE BY MAIL,117064
NON-MATCHING SIGNATURE,DEM,VOTE BY MAIL,117004
RECEIVED TOO LATE,AI,VOTE BY MAIL,119001
NON-MATCHING SIGNATURE,REP,VOTE BY MAIL,117088
NON-MATCHING SIGNATURE,NPP,VOTE BY MAIL,124001
RECEIVED TOO LATE,NPP,VOTE BY MAIL,117112
RECEIVED TOO LATE,DEM,VOTE BY MAIL,121003
NON-MATCHING SIGNATURE,REP,VOTE BY MAIL,117059
RECEIVED TOO LATE,DEM,VOTE BY MAIL,117059
NON-MATCHING SIGNATURE,REP,VOTE BY MAIL,112003
NON-MATCHING SIGNATURE,GRN,VOTE BY MAIL,103010
NON-MATCHING SIGNATURE,NPP,VOTE BY MAIL,115001
NON-MATCHING SIGNATURE,REP,VOTE BY MAIL,117002
NON-MATCHING SIGNATURE,REP,VOTE BY MAIL,128015
RECEIVED TOO LATE,REP,VOTE BY MAIL,112005
RECEIVED TOO LATE,DEM,VOTE BY MAIL,126001
NON-MATCHING SIGNATURE,REP,VOTE BY MAIL,117088
RECEIVED TOO LATE,NPP,VOTE BY MAIL,117064
RECEIVED TOO LATE,REP,VOTE BY MAIL,129001
RECEIVED TOO LATE,NPP,VOTE BY MAIL,128028
NON-MATCHING SIGNATURE,DEM,VOTE BY MAIL,117112
NON-MATCHING SIGNATURE,NPP,VOTE BY MAIL,112005
RECEIVED TOO LATE,NPP,VOTE BY MAIL,117002
RECEIVED TOO LATE,PF,VOTE BY MAIL,117112
NON-MATCHING SIGNATURE,NPP,VOTE BY MAIL,117058
NON-MATCHING SIGNATURE,NPP,VOTE BY MAIL,117011
RECEIVED TOO LATE,NPP,VOTE BY MAIL,119001
RECEIVED TOO LATE,NPP,VOTE BY MAIL,117029
RECEIVED TOO LATE,DEM,VOTE BY MAIL,117059
NON-MATCHING SIGNATURE,DEM,VOTE BY MAIL,102007
RECEIVED TOO LATE,DEM,VOTE BY MAIL,126008
RECEIVED TOO LATE,NPP,VOTE BY MAIL,126008
NON-MATCHING SIGNATURE,REP,VOTE BY MAIL,117007
NON-MATCHING SIGNATURE,NPP,VOTE BY MAIL,107005
NON-MATCHING SIGNATURE,REP,VOTE BY MAIL,128013
NON-MATCHING SIGNATURE,DEM,VOTE BY MAIL,103001
RECEIVED TOO LATE,DEM,VOTE BY MAIL,102007
RECEIVED TOO LATE,NPP,VOTE BY MAIL,117004
RECEIVED TOO LATE,DEM,VOTE BY MAIL,117104
NON-MATCHING SIGNATURE,DEM,VOTE BY MAIL,124003
NON-MATCHING SIGNATURE,NPP,VOTE BY MAIL,128013
NON-MATCHING SIGNATURE,REP,VOTE BY MAIL,121009
NON-MATCHING SIGNATURE,NPP,VOTE BY MAIL,102001
RECEIVED TOO LATE,NPP,VOTE BY MAIL,128015
RECEIVED TOO LATE,DEM,VOTE BY MAIL,128002
RECEIVED TOO LATE,DEM,VOTE BY MAIL,117059
RECEIVED TOO LATE,DEM,VOTE BY MAIL,124001
NON-MATCHING SIGNATURE,REP,VOTE BY MAIL,126002
NON-MATCHING SIGNATURE,NPP,VOTE BY MAIL,107005
RECEIVED TOO LATE,DEM,VOTE BY MAIL,117010
RECEIVED TOO LATE,DEM,VOTE BY MAIL,102002
NON-MATCHING SIGNATURE,DEM,VOTE BY MAIL,128013
NON-MATCHING SIGNATURE,REP,VOTE BY MAIL,106009
RECEIVED TOO LATE,DEM,VOTE BY MAIL,117047
RECEIVED TOO LATE,DEM,VOTE BY MAIL,108002
RECEIVED TOO LATE,NPP,VOTE BY MAIL,117014
RECEIVED TOO LATE,NPP,VOTE BY MAIL,117014
NON-MATCHING SIGNATURE,DEM,VOTE BY MAIL,117004
RECEIVED TOO LATE,NPP,VOTE BY MAIL,114001
NON-MATCHING SIGNATURE,REP,VOTE BY MAIL,106001
NON-MATCHING SIGNATURE,NPP,VOTE BY MAIL,117005
NON-MATCHING SIGNATURE,NPP,VOTE BY MAIL,117062
NON-MATCHING SIGNATURE,NPP,VOTE BY MAIL,121001
NON-MATCHING SIGNATURE,DEM,VOTE BY MAIL,126001
RECEIVED TOO LATE,DEM,VOTE BY MAIL,114001
RECEIVED TOO LATE,NPP,VOTE BY MAIL,117004
NON-MATCHING SIGNATURE,REP,VOTE BY MAIL,128002
RECEIVED TOO LATE,REP,VOTE BY MAIL,115001
NON-MATCHING SIGNATURE,NPP,VOTE BY MAIL,117006
RECEIVED TOO LATE,DEM,VOTE BY MAIL,106009
NON-MATCHING SIGNATURE,REP,VOTE BY MAIL,117009
RECEIVED TOO LATE,REP,VOTE BY MAIL,128028
NON-MATCHING SIGNATURE,REP,VOTE BY MAIL,117021
NON-MATCHING SIGNATURE,REP,VOTE BY MAIL,117002
RECEIVED TOO LATE,NPP,VOTE BY MAIL,128028
RECEIVED TOO LATE,NPP,VOTE BY MAIL,117006
RECEIVED TOO LATE,DEM,VOTE BY MAIL,124005
NON-MATCHING SIGNATURE,AI,VOTE BY MAIL,103004
RECEIVED TOO LATE,NPP,VOTE BY MAIL,117011
RECEIVED TOO LATE,REP,VOTE BY MAIL,128007
NON-MATCHING SIGNATURE,DEM,VOTE BY MAIL,128005
RECEIVED TOO LATE,REP,VOTE BY MAIL,128028
NON-MATCHING SIGNATURE,DEM,VOTE BY MAIL,124005
NON-MATCHING SIGNATURE,NPP,VOTE BY MAIL,117090
RECEIVED TOO LATE,REP,VOTE BY MAIL,102003
NON-MATCHING SIGNATURE,DEM,VOTE BY MAIL,126002
NON-MATCHING SIGNATURE,NPP,VOTE BY MAIL,128013
NON-MATCHING SIGNATURE,REP,VOTE BY MAIL,115001
NON-MATCHING SIGNATURE,REP,VOTE BY MAIL,128013
RECEIVED TOO LATE,REP,VOTE BY MAIL,128015
RECEIVED TOO LATE,DEM,VOTE BY MAIL,115001
NON-MATCHING SIGNATURE,DEM,VOTE BY MAIL,128001
NON-MATCHING SIGNATURE,REP,VOTE BY MAIL,117010
NON-MATCHING SIGNATURE,REP,VOTE BY MAIL,117058
NON-MATCHING SIGNATURE,AI,VOTE BY MAIL,117091
RECEIVED TOO LATE,REP,VOTE BY MAIL,117062
RECEIVED TOO LATE,DEM,VOTE BY MAIL,126002
NON-MATCHING SIGNATURE,DEM,VOTE BY MAIL,103001
RECEIVED TOO LATE,REP,VOTE BY MAIL,117047
RECEIVED TOO LATE,DEM,VOTE BY MAIL,117062
RECEIVED TOO LATE,REP,VOTE BY MAIL,107010
RECEIVED TOO LATE,NPP,VOTE BY MAIL,102001
NON-MATCHING SIGNATURE,NPP,VOTE BY MAIL,112003
NON-MATCHING SIGNATURE,DEM,VOTE BY MAIL,117072
NON-MATCHING SIGNATURE,AI,VOTE BY MAIL,117091
NON-MATCHING SIGNATURE,NPP,VOTE BY MAIL,117059
RECEIVED TOO LATE,NPP,VOTE BY MAIL,107010
NON-MATCHING SIGNATURE,DEM,VOTE BY MAIL,117074
NON-MATCHING SIGNATURE,DEM,VOTE BY MAIL,117058
RECEIVED TOO LATE,NPP,VOTE BY MAIL,124005
NON-MATCHING SIGNATURE,AI,VOTE BY MAIL,128013
NON-MATCHING SIGNATURE,NPP,VOTE BY MAIL,128015
NON-MATCHING SIGNATURE,DEM,VOTE BY MAIL,103004
RECEIVED TOO LATE,REP,VOTE BY MAIL,115001
RECEIVED TOO LATE,REP,VOTE BY MAIL,124001
NON-MATCHING SIGNATURE,REP,VOTE BY MAIL,117064
RECEIVED TOO LATE,AI,VOTE BY MAIL,128022
RECEIVED TOO LATE,REP,VOTE BY MAIL,128002
RECEIVED TOO LATE,REP,VOTE BY MAIL,103008
RECEIVED TOO LATE,AI,VOTE BY MAIL,117058
RECEIVED TOO LATE,NPP,VOTE BY MAIL,124003
RECEIVED TOO LATE,REP,VOTE BY MAIL,128013
NON-MATCHING SIGNATURE,REP,VOTE BY MAIL,121009
RECEIVED TOO LATE,REP,VOTE BY MAIL,117080
NON-MATCHING SIGNATURE,NPP,VOTE BY MAIL,117003
NON-MATCHING SIGNATURE,NPP,VOTE BY MAIL,110001
RECEIVED TOO LATE,DEM,VOTE BY MAIL,117011
NON-MATCHING SIGNATURE,DEM,VOTE BY MAIL,124001
RECEIVED TOO LATE,REP,VOTE BY MAIL,126002
NON-MATCHING SIGNATURE,DEM,VOTE BY MAIL,124001
NON-MATCHING SIGNATURE,DEM,VOTE BY MAIL,117074
RECEIVED TOO LATE,NPP,VOTE BY MAIL,112005
NON-MATCHING SIGNATURE,DEM,VOTE BY MAIL,128015
NON-MATCHING SIGNATURE,REP,VOTE BY MAIL,128007
NON-MATCHING SIGNATURE,REP,VOTE BY MAIL,105003
RECEIVED TOO LATE,DEM,VOTE BY MAIL,117072
RECEIVED TOO LATE,NPP,VOTE BY MAIL,117112
RECEIVED TOO LATE,DEM,VOTE BY MAIL,124003
RECEIVED TOO LATE,NPP,VOTE BY MAIL,106009
RECEIVED TOO LATE,DEM,VOTE BY MAIL,102003
NON-MATCHING SIGNATURE,DEM,VOTE BY MAIL,121001
RECEIVED TOO LATE,REP,VOTE BY MAIL,108001
RECEIVED TOO LATE,REP,VOTE BY MAIL,105002
NON-MATCHING SIGNATURE,REP,VOTE BY MAIL,106009
RECEIVED TOO LATE,DEM,VOTE BY MAIL,105002
NON-MATCHING SIGNATURE,DEM,VOTE BY MAIL,117010
RECEIVED TOO LATE,REP,VOTE BY MAIL,117047
NON-MATCHING SIGNATURE,NPP,VOTE BY MAIL,114001
NON-MATCHING SIGNATURE,DEM,VOTE BY MAIL,105003
RECEIVED TOO LATE,DEM,VOTE BY MAIL,119001
NON-MATCHING SIGNATURE,REP,VOTE BY MAIL,108001
NON-MATCHING SIGNATURE,DEM,VOTE BY MAIL,105003
NON-MATCHING SIGNATURE,REP,VOTE BY MAIL,128028
NON-MATCHING SIGNATURE,DEM,VOTE BY MAIL,117038
NON-MATCHING SIGNATURE,NPP,VOTE BY MAIL,119001
NON-MATCHING SIGNATURE,NPP,VOTE BY MAIL,129001
NON-MATCHING SIGNATURE,NPP,VOTE BY MAIL,117047
RECEIVED TOO LATE,DEM,VOTE BY MAIL,117059
RECEIVED TOO LATE,NPP,VOTE BY MAIL,109004
RECEIVED TOO LATE,NPP,VOTE BY MAIL,117091
NON-MATCHING SIGNATURE,DEM,VOTE BY MAIL,126002
NON-MATCHING SIGNATURE,DEM,VOTE BY MAIL,112005
RECEIVED TOO LATE,DEM,VOTE BY MAIL,117090
NON-MATCHING SIGNATURE,REP,VOTE BY MAIL,117009
NON-MATCHING SIGNATURE,DEM,VOTE BY MAIL,117112
RECEIVED TOO LATE,DEM,VOTE BY MAIL,103008
NON-MATCHING SIGNATURE,REP,VOTE BY MAIL,115001
NON-MATCHING SIGNATURE,DEM,VOTE BY MAIL,117088
NON-MATCHING SIGNATURE,REP,VOTE BY MAIL,117088
NON-MATCHING SIGNATURE,NPP,VOTE BY MAIL,103008
NON-MATCHING SIGNATURE,NPP,VOTE BY MAIL,103004
RECEIVED TOO LATE,REP,VOTE BY MAIL,102002
NON-MATCHING SIGNATURE,DEM,VOTE BY MAIL,117038
NON-MATCHING SIGNATURE,DEM,VOTE BY MAIL,105002
NON-MATCHING SIGNATURE,REP,VOTE BY MAIL,117074
NON-MATCHING SIGNATURE,REP,VOTE BY MAIL,103005
NON-MATCHING SIGNATURE,AI,VOTE BY MAIL,107005
RECEIVED TOO LATE,DEM,VOTE BY MAIL,128028
RECEIVED TOO LATE,DEM,VOTE BY MAIL,114001
NON-MATCHING SIGNATURE,NPP,VOTE BY MAIL,103005
NON-MATCHING SIGNATURE,DEM,VOTE BY MAIL,117002
RECEIVED TOO LATE,DEM,VOTE BY MAIL,117090
RECEIVED TOO LATE,NPP,VOTE BY MAIL,132002
RECEIVED TOO LATE,DEM,VOTE BY MAIL,124005
NON-MATCHING SIGNATURE,REP,VOTE BY MAIL,132002
NON-MATCHING SIGNATURE,NPP,VOTE BY MAIL,121003
NON-MATCHING SIGNATURE,DEM,VOTE BY MAIL,126008
NON-MATCHING SIGNATURE,REP,VOTE BY MAIL,117004
NON-MATCHING SIGNATURE,NPP,VOTE BY MAIL,117006
RECEIVED TOO LATE,REP,VOTE BY MAIL,117010
RECEIVED TOO LATE,DEM,VOTE BY MAIL,117090
RECEIVED TOO LATE,DEM,VOTE BY MAIL,126008
NON-MATCHING SIGNATURE,DEM,VOTE BY MAIL,103005
RECEIVED TOO LATE,AI,VOTE BY MAIL,117029
NON-MATCHING SIGNATURE,REP,VOTE BY MAIL,117112
NON-MATCHING SIGNATURE,DEM,VOTE BY MAIL,128015
RECEIVED TOO LATE,DEM,VOTE BY MAIL,117010
RECEIVED TOO LATE,NPP,VOTE BY MAIL,117003
NON-MATCHING SIGNATURE,NPP,VOTE BY MAIL,106009
NON-MATCHING SIGNATURE,REP,VOTE BY MAIL,105002
RECEIVED TOO LATE,REP,VOTE BY MAIL,121001
NON-MATCHING SIGNATURE,DEM,VOTE BY MAIL,121003
NON-MATCHING SIGNATURE,REP,VOTE BY MAIL,117090
NON-MATCHING SIGNATURE,NPP,VOTE BY MAIL,117009
NON-MATCHING SIGNATURE,LIB,VOTE BY MAIL,117058
RECEIVED TOO LATE,NPP,VOTE BY MAIL,121003
NON-MATCHING SIGNATURE,NPP,VOTE BY MAIL,105003
NON-MATCHING SIGNATURE,NPP,VOTE BY MAIL,103009
NON-MATCHING SIGNATURE,DEM,VOTE BY MAIL,103004
NON-MATCHING SIGNATURE,REP,VOTE BY MAIL,112005
NON-MATCHING SIGNATURE,DEM,VOTE BY MAIL,124001
NON-MATCHING SIGNATURE,AI,VOTE BY MAIL,126001
NON-MATCHING SIGNATURE,DEM,VOTE BY MAIL,117059
NON-MATCHING SIGNATURE,REP,VOTE BY MAIL,117091
NON-MATCHING SIGNATURE,DEM,VOTE BY MAIL,121003
RECEIVED TOO LATE,DEM,VOTE BY MAIL,128008
NON-MATCHING SIGNATURE,REP,VOTE BY MAIL,121001
RECEIVED TOO LATE,DEM,VOTE BY MAIL,117112
RECEIVED TOO LATE,DEM,VOTE BY MAIL,128008
RECEIVED TOO LATE,DEM,VOTE BY MAIL,117009
RECEIVED TOO LATE,DEM,VOTE BY MAIL,108001
NO VOTER SIGNATURE,REP,VOTE BY MAIL,117002
NON-MATCHING SIGNATURE,AI,VOTE BY MAIL,117104
RECEIVED TOO LATE,DEM,VOTE BY MAIL,124005
NON-MATCHING SIGNATURE,REP,VOTE BY MAIL,128015
RECEIVED TOO LATE,REP,VOTE BY MAIL,117088
NON-MATCHING SIGNATURE,AI,VOTE BY MAIL,128005
RECEIVED TOO LATE,REP,VOTE BY MAIL,103004
NON-MATCHING SIGNATURE,NPP,VOTE BY MAIL,103010
RECEIVED TOO LATE,AI,VOTE BY MAIL,112005
NON-MATCHING SIGNATURE,AI,VOTE BY MAIL,128002
NON-MATCHING SIGNATURE,DEM,VOTE BY MAIL,117072
NON-MATCHING SIGNATURE,NPP,VOTE BY MAIL,117112
RECEIVED TOO LATE,NPP,VOTE BY MAIL,117064
NON-MATCHING SIGNATURE,REP,VOTE BY MAIL,117059
NON-MATCHING SIGNATURE,NPP,VOTE BY MAIL,108002
NON-MATCHING SIGNATURE,DEM,VOTE BY MAIL,105002
RECEIVED TOO LATE,NPP,VOTE BY MAIL,108004
NON-MATCHING SIGNATURE,REP,VOTE BY MAIL,117002
NON-MATCHING SIGNATURE,REP,VOTE BY MAIL,121009
NON-MATCHING SIGNATURE,DEM,VOTE BY MAIL,106009
RECEIVED TOO LATE,NPP,VOTE BY MAIL,110001
RECEIVED TOO LATE,NPP,VOTE BY MAIL,117006
NON-MATCHING SIGNATURE,REP,VOTE BY MAIL,128008
RECEIVED TOO LATE,REP,VOTE BY MAIL,124003
RECEIVED TOO LATE,REP,VOTE BY MAIL,124003
NON-MATCHING SIGNATURE,DEM,VOTE BY MAIL,112005
NON-MATCHING SIGNATURE,DEM,VOTE BY MAIL,117088
NON-MATCHING SIGNATURE,NPP,VOTE BY MAIL,124005
NON-MATCHING SIGNATURE,PF,VOTE BY MAIL,117005
NON-MATCHING SIGNATURE,NPP,VOTE BY MAIL,102001
NON-MATCHING SIGNATURE,NPP,VOTE BY MAIL,117004
RECEIVED TOO LATE,DEM,VOTE BY MAIL,117001
RECEIVED TOO LATE,DEM,VOTE BY MAIL,117058
RECEIVED TOO LATE,NPP,VOTE BY MAIL,117080
RECEIVED TOO LATE,DEM,VOTE BY MAIL,132002
NON-MATCHING SIGNATURE,REP,VOTE BY MAIL,117058
NON-MATCHING SIGNATURE,REP,VOTE BY MAIL,117058
RECEIVED TOO LATE,REP,VOTE BY MAIL,121001
NON-MATCHING SIGNATURE,REP,VOTE BY MAIL,117064
NON-MATCHING SIGNATURE,DEM,VOTE BY MAIL,117014
RECEIVED TOO LATE,DEM,VOTE BY MAIL,126001
RECEIVED TOO LATE,NPP,VOTE BY MAIL,117009
RECEIVED TOO LATE,REP,VOTE BY MAIL,105003
NON-MATCHING SIGNATURE,REP,VOTE BY MAIL,121009
NON-MATCHING SIGNATURE,DEM,VOTE BY MAIL,128008
NON-MATCHING SIGNATURE,NPP,VOTE BY MAIL,104002
NON-MATCHING SIGNATURE,DEM,VOTE BY MAIL,101001
RECEIVED TOO LATE,DEM,VOTE BY MAIL,117005
NON-MATCHING SIGNATURE,AI,VOTE BY MAIL,117080
NON-MATCHING SIGNATURE,REP,VOTE BY MAIL,103010
NON-MATCHING SIGNATURE,REP,VOTE BY MAIL,108001
NON-MATCHING SIGNATURE,DEM,VOTE BY MAIL,114001
RECEIVED TOO LATE,DEM,VOTE BY MAIL,104001
RECEIVED TOO LATE,REP,VOTE BY MAIL,117059
RECEIVED TOO LATE,REP,VOTE BY MAIL,121009
RECEIVED TOO LATE,NPP,VOTE BY MAIL,117021
RECEIVED TOO LATE,NPP,VOTE BY MAIL,117088
NON-MATCHING SIGNATURE,NPP,VOTE BY MAIL,117003
NON-MATCHING SIGNATURE,NPP,VOTE BY MAIL,112005
NON-MATCHING SIGNATURE,NPP,VOTE BY MAIL,117112
NON-MATCHING SIGNATURE,REP,VOTE BY MAIL,119001
NON-MATCHING SIGNATURE,NPP,VOTE BY MAIL,117009
RECEIVED TOO LATE,NPP,VOTE BY MAIL,103005
RECEIVED TOO LATE,REP,VOTE BY MAIL,115001
RECEIVED TOO LATE,DEM,VOTE BY MAIL,121003
NON-MATCHING SIGNATURE,REP,VOTE BY MAIL,117058
RECEIVED TOO LATE,DEM,VOTE BY MAIL,128015
RECEIVED TOO LATE,AI,VOTE BY MAIL,128015
RECEIVED TOO LATE,DEM,VOTE BY MAIL,103005
RECEIVED TOO LATE,NPP,VOTE BY MAIL,117058
RECEIVED TOO LATE,DEM,VOTE BY MAIL,117074
RECEIVED TOO LATE,NPP,VOTE BY MAIL,115001
RECEIVED TOO LATE,DEM,VOTE BY MAIL,117002
RECEIVED TOO LATE,DEM,VOTE BY MAIL,102003
RECEIVED TOO LATE,DEM,VOTE BY MAIL,124005
RECEIVED TOO LATE,REP,VOTE BY MAIL,132002
RECEIVED TOO LATE,NPP,VOTE BY MAIL,132002
RECEIVED TOO LATE,DEM,VOTE BY MAIL,117011
NO VOTER SIGNATURE,DEM,VOTE BY MAIL,121003
RECEIVED TOO LATE,REP,VOTE BY MAIL,126001
NON-MATCHING SIGNATURE,DEM,VOTE BY MAIL,128013
NON-MATCHING SIGNATURE,DEM,VOTE BY MAIL,117004
NON-MATCHING SIGNATURE,NPP,VOTE BY MAIL,117021
NON-MATCHING SIGNATURE,NPP,VOTE BY MAIL,117003
NON-MATCHING SIGNATURE,NPP,VOTE BY MAIL,117010
NON-MATCHING SIGNATURE,DEM,VOTE BY MAIL,117006
NO VOTER SIGNATURE,REP,VOTE BY MAIL,117021
NO VOTER SIGNATURE,DEM,VOTE BY MAIL,103001
NON-MATCHING SIGNATURE,DEM,VOTE BY MAIL,103001
NON-MATCHING SIGNATURE,DEM,VOTE BY MAIL,117007
NON-MATCHING SIGNATURE,REP,VOTE BY MAIL,117006
NON-MATCHING SIGNATURE,NPP,VOTE BY MAIL,101001
NON-MATCHING SIGNATURE,REP,VOTE BY MAIL,117021
NON-MATCHING SIGNATURE,DEM,VOTE BY MAIL,102003
NON-MATCHING SIGNATURE,REP,VOTE BY MAIL,117064
